[{
    "id": "1",
    "authorId": "1",
    "author": "DemoVirtualEM0",
    "title": "South Korea v. Germany",
    "type": "Sport",
    "description": "World Cup! South Korea v. Germany",
    "img": "http://e0.365dm.com/18/06/16-9/20/skysports-mesut-ozil-germany_4347232.jpg?20180627172446",           
    "begin": "2018/08/05/00/00", 
    "end": "2018/08/05/23/59",
    "longitude": 0,
    "latitude": 0
}, {
    "id": "2",
    "authorId": "1",
    "author": "DemoEM1",
    "title": "Bayatabo Expo",
    "type": "Culture",
    "description": "En el marco de la XXXVII semana de la cultura mineña, a celebrarse del 20 al 26 de noviembre, el Museo Municipal del territorio propone un amplio programa de actividades.",
    "img": "https://vozbayatabominas.files.wordpress.com/2016/11/culturasub.jpg",           
    "begin": "2018/08/05/00/00",
    "end": "2018/08/18/00/00",
    "longitude": 0,
    "latitude": 0
}, {
    "id": "3",
    "authorId": "2",
    "author": "DemoEM1",
    "title": "Arenal Sound 2018",
    "type": "Party",
    "description": "Arenal Sound 2018 ft. Crystal Fighters and Steve Aoki",
    "img": "https://indiespot.es/wp-content/uploads/2016/07/Arenal.jpg",           
    "begin": "2018/08/02/00/00",
    "end": "2018/08/09/00/00",
    "longitude": 0,
    "latitude": 0
}, {
    "id": "4",
    "authorId": "2",
    "author": "DemoVirtualEM0",
    "title": "Red Dirt by E.M. Reapy",
    "type": "Culture",
    "description": "Turns the modern Irish immigrant experience into a thought-provoking vibrant novel.",
    "img": "",           
    "begin": 0,
    "end": 0,
    "longitude": 0,
    "latitude": 0
}, {
    "id": "3_1",
    "authorId": "1",
    "author": "DemoEM3",
    "title": "Visit Zaragoza",
    "type": "Culture",
    "description": "Zaragoza es la capital de Aragón, una de las comunidades autónomas del noreste de España. En el centro de la ciudad se encuentra la basílica barroca de Nuestra Señora del Pilar, orientada hacia el río Ebro. Es un lugar de peregrinación popular con varias cúpulas y un sagrario dedicado a la Virgen María. La ciudad cuenta con monumentos emblemáticos de estilo mudéjar (donde se fusionan la arquitectura islámica y gótica) como la Aljafería, un palacio árabe del siglo XI, y la catedral del Salvador en su Epifanía, que se empezó a construir en el siglo XII.",
    "img": "http://www.moobit.es/visitaundia/imagenesvisita1dia/aljaferiamuralla.jpg",           
    "begin": 0,
    "end": 0,
    "longitude": -0.8765,
    "latitude": 41.6563
}, {
    "id": "3_4",
    "authorId": "1",
    "author": "ZgzEM",
    "title": "SMAP Zaragoza",
    "type": "Education",
    "description": "",
    "img": "https://www.atlantisbahamas.com/media/Things%20To%20Do/Water%20Park/Beaches/Hero/Experiences_Beach.jpg",           
    "begin": "2018/09/06/00/00",
    "end": "2018/09/08/00/00",
    "longitude": -0.876566,
    "latitude": 41.6563497
}, {
    "id": "3_5",
    "authorId": "2",
    "author": "ZgzEM",
    "title": "Museo Pablo Serrano",
    "type": "Culture",
    "description": "Pues eso, un museo.",
    "img": "",           
    "begin": 0,
    "end": 0,
    "longitude": -0.876566,
    "latitude": 41.6563497
}, {
    "id": "4_1",
    "authorId": "3",
    "author": "ZgzEM",
    "title": "Puente de Piedra sobre el Ebro",
    "type": "Culture",
    "description": "Construido en el siglo XV en estilo gótico, el Puente de Piedra es el puente más antiguo que se conserva sobre el río Ebro. Consta de 7 arcos vistos más otro oculto bajo la calle que transcurre a la orilla del río, con una longitud total de 245 metros.",
    "img": "http://zaragozaguia.com/wp-content/uploads/2014/04/puentepiedra.jpg",           
    "begin": 0,
    "end": 0,
    "longitude": -0.876566,
    "latitude": 41.6563497
}, {
    "id": "4_2",
    "authorId": "4",
    "author": "ZgzEM",
    "title": "La Seo del Salvador y Museo de Tapices",
    "type": "Culture",
    "description": "Declarada Patrimonio de la Humanidad por la UNESCO, La Seo es la primera catedral cristiana de Zaragoza, construida bajo la advocación de San Salvador. Fue levantada sobre la mezquita principal de la antigua ciudad musulmana, y presenta una amalgama de estilos arquitectónicos, desde el románico hasta el reoclásico, fruto de numerosas ampliaciones y reformas.",
    "img": "https://photo620x400.mnstatic.com/9320c03e97c14d3d30e285b961485271/la-seo.jpg",           
    "begin": 0,
    "end": 0,
    "longitude": -0.876566,
    "latitude": 41.6563497
}, {
    "id": "4_3",
    "authorId": "5",
    "author": "ZgzEM",
    "title": "Plaza del Pilar",
    "type": "Culture",
    "description": "La Plaza de Nuestra Señora del Pilar o simplemente Plaza del Pilar es uno de los centros populares más concurridos en Zaragoza, España. En ella se encuentra la Catedral-Basílica de Nuestra Señora del Pilar, donde es venerada la advocación mariana homónima. Es conocida con el sobrenombre de «el salón de la ciudad», ya que en ella se realizan numerosas fiestas públicas. También suele llamársele Plaza de las Catedrales, pues aquí se encuentran las dos catedrales de Zaragoza: la Seo y el Pilar. A la plaza se accede por medio de las calles Don Jaime I y Alfonso I.  En esta plaza se encuentran, además de la Basílica del Pilar, edificios como la Lonja, el Ayuntamiento, la Fuente de la Hispanidad, la Catedral del Salvador (La Seo), algunos juzgados y el Monumento a Goya. Se halla también, cerca de la Lonja, el cenotafio del pintor Francisco de Goya.",
    "img": "https://www.heraldo.es/ocio/sites/default/files/tourist_resources/cover/images/plaz_apilar_editada.jpg",           
    "begin": 0,
    "end": 0,
    "longitude": -0.87861,
    "latitude": 41.65639
}, {
    "id": "4_4",
    "authorId": "6",
    "author": "ZgzEM",
    "title": "ALEXANDER MALOFEEV en Sala Multiusos Zaragoza",
    "type": "Music",
    "description": "Alexander Malofeev was born in Moscow in 2001. He is a student at the Gnessin Middle Special School of Music in Moscow (class of Elena Beryozkina).",
    "img": "https://www.heraldo.es/ocio/sites/default/files/multiusosauditorio.jpg",           
    "begin": "2018/09/17/20/00",
    "end": "2018/09/17/22/00",
    "longitude": -0.876566,
    "latitude": 41.6563497
}, {
    "id": "4_5",
    "authorId": "7",
    "author": "ZgzEM",
    "title": "Fiestas del Pilar 2018",
    "type": "Party",
    "description": "Las Fiestas del Pilar son las fiestas patronales de Zaragoza que se celebran en honor de la Virgen del Pilar, patrona de la ciudad. Tienen lugar la semana del 12 de octubre en que se celebra la fiesta patronal.",
    "img": "https://www.zaragoza.es/cont/vistas/portal/cultura/fiestas-pilar/img/cabecera-pilares-18.jpg",           
    "begin": 0,
    "end": 0,
    "longitude": -0.876566,
    "latitude": 41.6563497
}, {
    "id": "4_6",
    "authorId": "8",
    "author": "ZgzEM",
    "title": "El Tubo, ruta de tapas",
    "type": "Food",
    "description": "En el centro de Zaragoza, zona perfecta para ir de tapas y salir de fiesta. Se encuentra entre las calles Mártires, Estébanes y Cuatro de Agosto",
    "img": "https://s3-eu-west-1.amazonaws.com/gr-cms/media/filer_public/46/10/4610c5b3-d119-41a2-a325-01050fb5a07f/raquel-jimenez_reportaje-el-tubo-3.jpg",           
    "begin": 0,
    "end": 0,
    "longitude": -0.876566,
    "latitude": 41.6563497
}, {
    "id": "4_7",
    "authorId": "99",
    "author": "DemoEM1",
    "title": "Karting indoor Plaza",
    "type": "Leisure time",
    "description": "4.000 m² donde las carreras no solo son emoción y diversión, sino donde poder realizar todo tipo de eventos, tanto de empresa, sociales como lúdicos para poder así, complementar esas reuniones o hacer de ese día algo único e inolvidable.",
    "img": "https://www.algarvefun.com/wp-content/uploads/2017/02/go-karting-portimao-algarve-fun-2.jpg",           
    "begin": 0,
    "end": 0,
    "longitude": -0.877300,
    "latitude": 41.656100
}, {
    "id": "4_8",
    "authorId": "9",
    "author": "ZgzEM",
    "title": "Parque Grande José Antonio Labordeta",
    "type": "Leisure time",
    "description": "El parque fue diseñado y construido entre los años 1913 y 1927 por iniciativa del concejal Vicente Galbe Sánchez-Plazuelos, y fue inaugurado oficialmente en 1929 por Miguel Primo de Rivera, quien daba nombre al parque, estando entonces situado a las afueras del núcleo urbano de la ciudad zaragozana, que entonces apenas superaba los 160.000 habitantes. Tras el fallecimiento del cantautor y político José Antonio Labordeta en 2010 el ayuntamiento de Zaragoza bautizó este parque con su nombre.",
    "img": "https://es.wikipedia.org/wiki/Parque_Grande_Jos%C3%A9_Antonio_Labordeta#/media/File:Parque_Grande.jpg",           
    "begin": 0,
    "end": 0,
    "longitude": -0.876566,
    "latitude": 41.6563497
}]