{ "default" : [
  { "UserContext" : {"hasId" : "30", "date" : "17/07/2021", "time" : "03:31:18", "status" : "notOnHolidays", "atHome" : "no"}, "Preferences" : [{"typeOf" : "Food", "where" : "Indoor"}], "Observations" : [{"observedBy" : "34", "featureOfInterest" : "me", "observedProperty" : "WeatherStatus", "observationValue" : "Clear", "timeOfMeasurement" : "04:15:45"},{"observedBy" : "34", "featureOfInterest" : "me", "observedProperty" : "WeatherTemperature", "observationValue" : "29", "timeOfMeasurement" : "17:17:06"}]}
,{ "UserContext" : {"hasId" : "31", "date" : "26/06/2021", "time" : "02:31:38", "status" : "onHolidays", "atHome" : "yes"}, "Preferences" : [{"typeOf" : "Education", "where" : "Both"},{"typeOf" : "Shows", "where" : "Both"}], "Observations" : [{"observedBy" : "513", "featureOfInterest" : "me", "observedProperty" : "WeatherStatus", "observationValue" : "Clouds", "timeOfMeasurement" : "04:27:49"},{"observedBy" : "513", "featureOfInterest" : "me", "observedProperty" : "WeatherTemperature", "observationValue" : "23", "timeOfMeasurement" : "12:24:53"}]}
,{ "UserContext" : {"hasId" : "32", "date" : "08/08/2021", "time" : "01:26:41", "status" : "onHolidays", "atHome" : "yes"}, "Preferences" : [{"typeOf" : "Party", "where" : "Indoor"},{"typeOf" : "Shows", "where" : "Both"},{"typeOf" : "Party", "where" : "Indoor"}], "Observations" : [{"observedBy" : "671", "featureOfInterest" : "me", "observedProperty" : "WeatherStatus", "observationValue" : "Clear", "timeOfMeasurement" : "03:29:56"}]}
,{ "UserContext" : {"hasId" : "33", "date" : "10/08/2021", "time" : "04:51:38", "status" : "onHolidays", "atHome" : "yes"}, "Preferences" : [{"typeOf" : "Music", "where" : "Open-Air"},{"typeOf" : "Culture", "where" : "Indoor"}], "Observations" : [{"observedBy" : "85", "featureOfInterest" : "me", "observedProperty" : "WeatherStatus", "observationValue" : "Snow", "timeOfMeasurement" : "18:58:50"},{"observedBy" : "85", "featureOfInterest" : "me", "observedProperty" : "WeatherTemperature", "observationValue" : "4", "timeOfMeasurement" : "12:43:13"}]}
,{ "UserContext" : {"hasId" : "34", "date" : "28/04/2020", "time" : "00:58:24", "status" : "onHolidays", "atHome" : "yes"}, "Preferences" : [{"typeOf" : "Party", "where" : "Indoor"},{"typeOf" : "Shows", "where" : "Indoor"},{"typeOf" : "Culture", "where" : "Open-Air"}], "Observations" : [{"observedBy" : "72", "featureOfInterest" : "me", "observedProperty" : "WeatherStatus", "observationValue" : "Clouds", "timeOfMeasurement" : "11:17:03"},{"observedBy" : "72", "featureOfInterest" : "me", "observedProperty" : "WeatherTemperature", "observationValue" : "33", "timeOfMeasurement" : "11:19:14"}]}
,{ "UserContext" : {"hasId" : "35", "date" : "25/10/2021", "time" : "23:50:09", "status" : "onHolidays", "atHome" : "no"}, "Preferences" : [{"typeOf" : "Shows", "where" : "Indoor"}], "Observations" : [{"observedBy" : "895", "featureOfInterest" : "me", "observedProperty" : "WeatherStatus", "observationValue" : "Thunderstorm", "timeOfMeasurement" : "05:22:52"}]}
  ,{ "UserContext" : {"hasId" : "0", "date" : "11/09/2021", "time" : "13:00:18", "status" : "notOnHolidays", "atHome" : "no"}, "Preferences" : [{"typeOf" : "Food", "where" : "Indoor"}], "Observations" : [{"observedBy" : "34", "featureOfInterest" : "me", "observedProperty" : "WeatherStatus", "observationValue" : "Clear", "timeOfMeasurement" : "04:15:45"},{"observedBy" : "34", "featureOfInterest" : "me", "observedProperty" : "WeatherTemperature", "observationValue" : "29", "timeOfMeasurement" : "17:17:06"}]}
,{ "UserContext" : {"hasId" : "1", "date" : "06/09/2021", "time" : "12:00:38", "status" : "onHolidays", "atHome" : "yes"}, "Preferences" : [{"typeOf" : "Education", "where" : "Both"},{"typeOf" : "Shows", "where" : "Both"}], "Observations" : [{"observedBy" : "513", "featureOfInterest" : "me", "observedProperty" : "WeatherStatus", "observationValue" : "Snow", "timeOfMeasurement" : "04:27:49"},{"observedBy" : "513", "featureOfInterest" : "me", "observedProperty" : "WeatherTemperature", "observationValue" : "23", "timeOfMeasurement" : "12:24:53"}]}
,{ "UserContext" : {"hasId" : "2", "date" : "07/09/2021", "time" : "12:00:41", "status" : "onHolidays", "atHome" : "yes"}, "Preferences" : [{"typeOf" : "Party", "where" : "Indoor"},{"typeOf" : "Shows", "where" : "Both"},{"typeOf" : "Party", "where" : "Indoor"}], "Observations" : [{"observedBy" : "671", "featureOfInterest" : "me", "observedProperty" : "WeatherStatus", "observationValue" : "Snow", "timeOfMeasurement" : "03:29:56"}]}
,{ "UserContext" : {"hasId" : "3", "date" : "07/09/2021", "time" : "21:00:38", "status" : "onHolidays", "atHome" : "yes"}, "Preferences" : [{"typeOf" : "Music", "where" : "Open-Air"},{"typeOf" : "Culture", "where" : "Indoor"}], "Observations" : [{"observedBy" : "85", "featureOfInterest" : "me", "observedProperty" : "WeatherStatus", "observationValue" : "Clouds", "timeOfMeasurement" : "18:58:50"},{"observedBy" : "85", "featureOfInterest" : "me", "observedProperty" : "WeatherTemperature", "observationValue" : "4", "timeOfMeasurement" : "12:43:13"}]}
,{ "UserContext" : {"hasId" : "4", "date" : "06/09/2021", "time" : "14:00:24", "status" : "onHolidays", "atHome" : "yes"}, "Preferences" : [{"typeOf" : "Party", "where" : "Indoor"},{"typeOf" : "Shows", "where" : "Indoor"},{"typeOf" : "Culture", "where" : "Open-Air"}], "Observations" : [{"observedBy" : "72", "featureOfInterest" : "me", "observedProperty" : "WeatherStatus", "observationValue" : "Drizzle", "timeOfMeasurement" : "11:17:03"},{"observedBy" : "72", "featureOfInterest" : "me", "observedProperty" : "WeatherTemperature", "observationValue" : "33", "timeOfMeasurement" : "11:19:14"}]}
,{ "UserContext" : {"hasId" : "5", "date" : "05/09/2021", "time" : "21:00:09", "status" : "onHolidays", "atHome" : "no"}, "Preferences" : [{"typeOf" : "Shows", "where" : "Indoor"}], "Observations" : [{"observedBy" : "895", "featureOfInterest" : "me", "observedProperty" : "WeatherStatus", "observationValue" : "Clouds", "timeOfMeasurement" : "05:22:52"}]}
,{ "UserContext" : {"hasId" : "6", "date" : "08/06/2020", "time" : "16:00:31", "status" : "onHolidays", "atHome" : "yes"}, "Preferences" : [{"typeOf" : "Food", "where" : "Open-Air"},{"typeOf" : "Education", "where" : "Both"},{"typeOf" : "Party", "where" : "Both"}], "Observations" : [{"observedBy" : "31", "featureOfInterest" : "me", "observedProperty" : "WeatherStatus", "observationValue" : "Snow", "timeOfMeasurement" : "13:02:40"}]}
]}