{"activities": [{"id": "2156", "title": "Casa Museo Lope de Vega", "author": "DemoEM", "authorId": "2156", "description": "'Mi casilla, mi quietud, mi g&uuml;ertecillo y estudio'. As\u00ed define su casa F\u00e9lix Lope de Vega (1562-1635) en una carta dirigida a un amigo. Situada en pleno centro hist\u00f3rico, en el Barrio de las Letras, la Casa Museo Lope de Vega se ubica en e", "img": "", "longitude": "-3.6974741545860015", "latitude": "40.414358466555235", "begin": "", "ending": "", "category": "Museums", "subcategories": "Museos"}, {"id": "2157", "title": "Casita - Museo del Rat\u00f3n P\u00e9rez", "author": "DemoEM", "authorId": "2157", "description": "La residencia de la familia P\u00e9rez est\u00e1 situada en los s\u00f3tanos de la confiter\u00eda Prasi, en el n\u00famero ocho de la calle del Arenal, seg\u00fan cita Luis Coloma.", "img": "", "longitude": "-3.7055288844865233", "latitude": "40.41704834412296", "begin": "", "ending": "", "category": "Museums", "subcategories": "Museos"}, {"id": "2158", "title": "Castillo de la Alameda", "author": "DemoEM", "authorId": "2158", "description": "El Castillo de la Alameda o de Barajas se trata de uno de los escasos vestigios de la arquitectura militar del pasado siglo XV y uno de los pocos castillos que ha sobrevivido al paso del tiempo. Bajo \u00e9l y su entorno, existen restos de asentamie", "img": "", "longitude": "-3.5932903820278788", "latitude": "40.45835460563491", "begin": "", "ending": "", "category": "Museums", "subcategories": "MonumentosEdificiosArtisticos"}, {"id": "2159", "title": "Cas\u00f3n del Buen Retiro. Museo Nacional del Prado, Centro de Estudios", "author": "DemoEM", "authorId": "2159", "description": "Edificio que forma parte del Museo Nacional del Prado, donde pueden consultarse fondos de la Biblioteca, del Archivo y del Servicio de Documentaci\u00f3n de la colecci\u00f3n del Museo y de otras fuentes relativas a la historia del arte.", "img": "", "longitude": "-3.689232811717636", "latitude": "40.415263749471535", "begin": "", "ending": "", "category": "Museums", "subcategories": "MonumentosEdificiosArtisticos"}, {"id": "2160", "title": "Centro Cultural La Corrala. Museo de Artes y Tradiciones Populares", "author": "DemoEM", "authorId": "2160", "description": "Edificio que forma parte del Museo Nacional del Prado, donde pueden consultarse fondos de la Biblioteca, del Archivo y del Servicio de Documentaci\u00f3n de la colecci\u00f3n del Museo y de otras fuentes relativas a la historia del arte.", "img": "", "longitude": "-3.708330456274069", "latitude": "40.40882397197274", "begin": "", "ending": "", "category": "Museums", "subcategories": "Museos"}, {"id": "2161", "title": "Centro Social y Cultural La Casa Encendida", "author": "DemoEM", "authorId": "2161", "description": "Edificio de car\u00e1cter monumental. De estilo neomud\u00e9jar, fue dise\u00f1ado por el arquitecto Fernando Arb\u00f3s e inaugurado en el a\u00f1o 1913. Cuenta con m\u00e1s de 6000 metros cuadrados de instalaciones divididas en 4 plantas y una azotea.", "img": "", "longitude": "-3.699779793558763", "latitude": "40.40595710517701", "begin": "", "ending": "", "category": "Museums", "subcategories": "MonumentosEdificiosArtisticos"}, {"id": "2162", "title": "Ermita de San Antonio de la Florida (Museo)", "author": "DemoEM", "authorId": "2162", "description": "Ermita dedicada a San Antonio de Padua y peque\u00f1o museo. Las pinturas murales que la decoran son de Francisco de Goya. Alberga los restos mortales del artista desde 1919. Para preservar sus pinturas, en 1929 se traslad\u00f3 el culto a una ermita gem", "img": "", "longitude": "-3.725725718176111", "latitude": "40.425256682855846", "begin": "", "ending": "", "category": "Museums", "subcategories": "MonumentosEdificiosArtisticos"}, {"id": "2163", "title": "Espacio Fundaci\u00f3n Telef\u00f3nica", "author": "DemoEM", "authorId": "2163", "description": "Ermita dedicada a San Antonio de Padua y peque\u00f1o museo. Las pinturas murales que la decoran son de Francisco de Goya. Alberga los restos mortales del artista desde 1919. Para preservar sus pinturas, en 1929 se traslad\u00f3 el culto a una ermita gem", "img": "", "longitude": "-3.7016034186955076", "latitude": "40.42041458612889", "begin": "", "ending": "", "category": "Museums", "subcategories": "Museos"}, {"id": "2164", "title": "Fundaci\u00f3n AMYC (Arte Moderno y Contempor\u00e1neo). Casa Museo Fuente del Rey", "author": "DemoEM", "authorId": "2164", "description": "Ermita dedicada a San Antonio de Padua y peque\u00f1o museo. Las pinturas murales que la decoran son de Francisco de Goya. Alberga los restos mortales del artista desde 1919. Para preservar sus pinturas, en 1929 se traslad\u00f3 el culto a una ermita gem", "img": "", "longitude": "-3.7705836264842576", "latitude": "40.45546180290319", "begin": "", "ending": "", "category": "Museums", "subcategories": "FundacionesCulturales"}, {"id": "2165", "title": "Museo ABC", "author": "DemoEM", "authorId": "2165", "description": "Centro de arte, dibujo e ilustraci\u00f3n.", "img": "", "longitude": "-3.709539260414957", "latitude": "40.42741121610518", "begin": "", "ending": "", "category": "Museums", "subcategories": "Museos"}, {"id": "2166", "title": "Museo Africano Misioneros Combonianos", "author": "DemoEM", "authorId": "2166", "description": "Centro de arte, dibujo e ilustraci\u00f3n.", "img": "", "longitude": "-3.65149172790308", "latitude": "40.449464654033605", "begin": "", "ending": "", "category": "Museums", "subcategories": "Museos"}, {"id": "2167", "title": "Museo Arqueol\u00f3gico Nacional", "author": "DemoEM", "authorId": "2167", "description": "Fundado en 1867, el MAN se inaugur\u00f3 en 1895 en su actual sede, en el Palacio de Biblioteca y Museos, edificio proyectado por Francisco Jare\u00f1o y terminado por Antonio Ruiz de Salces.", "img": "", "longitude": "-3.688418705931963", "latitude": "40.42327763947072", "begin": "", "ending": "", "category": "Museums", "subcategories": "Museos"}, {"id": "2168", "title": "Museo Casa de la Moneda", "author": "DemoEM", "authorId": "2168", "description": "Fundado en 1867, el MAN se inaugur\u00f3 en 1895 en su actual sede, en el Palacio de Biblioteca y Museos, edificio proyectado por Francisco Jare\u00f1o y terminado por Antonio Ruiz de Salces.", "img": "", "longitude": "-3.6691502061733674", "latitude": "40.42259797372905", "begin": "", "ending": "", "category": "Museums", "subcategories": "Museos"}, {"id": "2169", "title": "Museo Cerralbo", "author": "DemoEM", "authorId": "2169", "description": "Este Palacio, construido entre 1883 y 1893, fue concebido como vivienda y como museo para sede de las obras de arte reunidas por los Marqueses de Cerralbo y sus hijos, los Marqueses de Villa Huerta, durante los numerosos viajes que realizaron p", "img": "", "longitude": "-3.7146170388153497", "latitude": "40.42376732078657", "begin": "", "ending": "", "category": "Museums", "subcategories": "Museos"}, {"id": "2170", "title": "Museo EMT", "author": "DemoEM", "authorId": "2170", "description": "El Museo de la EMT se ha convertido en realidad tras una d\u00e9cada de duro trabajo de recuperaci\u00f3n, restauraci\u00f3n y reparaci\u00f3n del patrimonio hist\u00f3rico de la Empresa Municipal de Transportes de Madrid, especialmente, material m\u00f3vil, mobiliario, pie", "img": "", "longitude": "-3.6831595451893273", "latitude": "40.480173612860305", "begin": "", "ending": "", "category": "Museums", "subcategories": "OrganismosEmpresasMunicipales"}, {"id": "2171", "title": "Museo F\u00e9lix Ca\u00f1ada", "author": "DemoEM", "authorId": "2171", "description": "Una selecci\u00f3n de m\u00e1s de quinientas obras de arte de entre las cerca de mil de la donaci\u00f3n original, constituyen la Colecci\u00f3n Permanente que se puede visitar en las salas del Museo F\u00e9lix Ca\u00f1ada de la Fundaci\u00f3n G\u00f3mez Pardo, adscrita a la Escuela ", "img": "", "longitude": "-3.700796192332983", "latitude": "40.442581673356834", "begin": "", "ending": "", "category": "Museums", "subcategories": "Museos"}, {"id": "2172", "title": "Museo Geominero", "author": "DemoEM", "authorId": "2172", "description": "Los objetivos del Museo Geominero son conservar, investigar y difundir la riqueza y diversidad del patrimonio geol\u00f3gico, paleontol\u00f3gico y mineral\u00f3gico a trav\u00e9s de las importantes colecciones de minerales, rocas y f\u00f3siles procedentes de todas la", "img": "", "longitude": "-3.699670468881422", "latitude": "40.442047952073665", "begin": "", "ending": "", "category": "Museums", "subcategories": "Museos"}, {"id": "2173", "title": "Museo Hist\u00f3rico Minero Don Felipe de Borb\u00f3n y Grecia", "author": "DemoEM", "authorId": "2173", "description": "Ubicado en la Escuela T\u00e9cnica Superior de Ingenieros de Minas de Madrid", "img": "", "longitude": "-3.7003900716027776", "latitude": "40.44207963042673", "begin": "", "ending": "", "category": "Museums", "subcategories": "Museos"}, {"id": "2174", "title": "Museo ICO", "author": "DemoEM", "authorId": "2174", "description": "Ubicado en la Escuela T\u00e9cnica Superior de Ingenieros de Minas de Madrid", "img": "", "longitude": "-3.6977346235068373", "latitude": "40.41675330128869", "begin": "", "ending": "", "category": "Museums", "subcategories": "Museos"}, {"id": "2175", "title": "Museo Los Ca\u00f1os del Peral. Estaci\u00f3n de Metro \u00d3pera", "author": "DemoEM", "authorId": "2175", "description": "La estaci\u00f3n de \u00d3pera cuenta con el mayor museo arqueol\u00f3gico bajo tierra de Madrid, un espacio de 200 m2 donde se pueden ver restos arqueol\u00f3gicos de los siglos XVI y XVII pertenecientes a la Fuente de los Ca\u00f1os del Peral, el Acueducto de Amaniel", "img": "", "longitude": "-3.709202070089538", "latitude": "40.41775560280743", "begin": "", "ending": "", "category": "Museums", "subcategories": "Museos"}, {"id": "2176", "title": "Museo L\u00e1zaro Galdiano", "author": "DemoEM", "authorId": "2176", "description": "La estaci\u00f3n de \u00d3pera cuenta con el mayor museo arqueol\u00f3gico bajo tierra de Madrid, un espacio de 200 m2 donde se pueden ver restos arqueol\u00f3gicos de los siglos XVI y XVII pertenecientes a la Fuente de los Ca\u00f1os del Peral, el Acueducto de Amaniel", "img": "", "longitude": "-3.6861980129207894", "latitude": "40.436750328725985", "begin": "", "ending": "", "category": "Museums", "subcategories": "MonumentosEdificiosArtisticos"}, {"id": "2177", "title": "Museo Nacional Centro de Arte Reina Sof\u00eda (MNCARS)", "author": "DemoEM", "authorId": "2177", "description": "Edificio Sabatini: calle Santa Isabel 52.  Edificio Nouvel (ampliaci\u00f3n): ronda de Atocha, esquina a plaza del Emperador Carlos V.  Espacios en el parque del Retiro: Palacio de Vel\u00e1zquez y Palacio de Cristal.", "img": "", "longitude": "-3.6940316511856017", "latitude": "40.40854131574014", "begin": "", "ending": "", "category": "Museums", "subcategories": "Museos"}, {"id": "2178", "title": "Museo Nacional Thyssen-Bornemisza", "author": "DemoEM", "authorId": "2178", "description": "El palacio donde se ubica la colecci\u00f3n fue el antiguo palacio del duque de Villahermosa. Edificaci\u00f3n neocl\u00e1sica. Posteriormente se adapta como entidad bancaria perdiento sus espacios interiores. M\u00e1s tarde, pas\u00f3 a formar parte de los edificios d", "img": "", "longitude": "-3.694744831131079", "latitude": "40.41600553697803", "begin": "", "ending": "", "category": "Museums", "subcategories": "MonumentosEdificiosArtisticos"}, {"id": "2179", "title": "Museo Nacional de Antropolog\u00eda", "author": "DemoEM", "authorId": "2179", "description": "El Museo est\u00e1 instalado en el edificio de estilo clasicista construido por el Marqu\u00e9s de Cubas en 1875 por encargo del Doctor Gonz\u00e1lez Velasco, fundador de la instituci\u00f3n.", "img": "", "longitude": "-3.688862923660605", "latitude": "40.407887537677716", "begin": "", "ending": "", "category": "Museums", "subcategories": "Museos"}, {"id": "2180", "title": "Museo Nacional de Artes Decorativas", "author": "DemoEM", "authorId": "2180", "description": "Inaugurado en 1912, su sede es un t\u00edpico palacete madrile\u00f1o del \u00faltimo tercio del siglo XIX. El museo posee muebles, cer\u00e1micas, vidrios, joyas, tejidos, arte oriental, y hasta 30 000 objetos distintos que a lo largo de la historia han servido p", "img": "", "longitude": "-3.689754685481908", "latitude": "40.417891279015194", "begin": "", "ending": "", "category": "Museums", "subcategories": "MonumentosEdificiosArtisticos"}, {"id": "2181", "title": "Museo Nacional de Ciencias Naturales", "author": "DemoEM", "authorId": "2181", "description": "Inaugurado en 1912, su sede es un t\u00edpico palacete madrile\u00f1o del \u00faltimo tercio del siglo XIX. El museo posee muebles, cer\u00e1micas, vidrios, joyas, tejidos, arte oriental, y hasta 30 000 objetos distintos que a lo largo de la historia han servido p", "img": "", "longitude": "-3.690220716379925", "latitude": "40.44042007613476", "begin": "", "ending": "", "category": "Museums", "subcategories": "MonumentosEdificiosArtisticos"}, {"id": "2182", "title": "Museo Naval", "author": "DemoEM", "authorId": "2182", "description": "Tem\u00e1tica: Historia de la navegaci\u00f3n espa\u00f1ola.", "img": "", "longitude": "-3.692768317427539", "latitude": "40.41751289873052", "begin": "", "ending": "", "category": "Museums", "subcategories": "Museos"}, {"id": "2183", "title": "Museo Postal y Telegr\u00e1fico", "author": "DemoEM", "authorId": "2183", "description": "El  Museo Postal y Telegr\u00e1fico ofrece al visitante un recorrido tem\u00e1tico y cronol\u00f3gico a trav\u00e9s  de la historia de las comunicaciones, desde la m\u00e1s tradicional, la carta, hasta las comunicaciones por sat\u00e9lite. En este museo se conservan y exhib", "img": "", "longitude": "-3.7690721403206724", "latitude": "40.467706026917405", "begin": "", "ending": "", "category": "Museums", "subcategories": "Museos"}, {"id": "2184", "title": "Museo Sorolla", "author": "DemoEM", "authorId": "2184", "description": "El  Museo Postal y Telegr\u00e1fico ofrece al visitante un recorrido tem\u00e1tico y cronol\u00f3gico a trav\u00e9s  de la historia de las comunicaciones, desde la m\u00e1s tradicional, la carta, hasta las comunicaciones por sat\u00e9lite. En este museo se conservan y exhib", "img": "", "longitude": "-3.6923288211390055", "latitude": "40.43557863874977", "begin": "", "ending": "", "category": "Museums", "subcategories": "Museos"}, {"id": "2185", "title": "Museo Taurino de la Comunidad de Madrid", "author": "DemoEM", "authorId": "2185", "description": "Situado en el Patio de Caballos, ofrece a sus visitantes un atractivo recorrido por la historia del toreo, demostrando la relevancia de la Tauromaquia en la historia y la cultura de Espa\u00f1a. De acceso gratuito, octavo monumento m\u00e1s visitado en l", "img": "", "longitude": "-3.662872780933851", "latitude": "40.43157110306013", "begin": "", "ending": "", "category": "Museums", "subcategories": "Museos"}, {"id": "2186", "title": "Museo Tiflol\u00f3gico", "author": "DemoEM", "authorId": "2186", "description": "Edificio con una superficie de 1.500 m2 dividido en tres zonas con maquetas de monumentos nacionales e internacionales realizadas por invidentes e instrumentos utilizados por los invidentes desde hace 200 a\u00f1os. Es un espacio concebido para que ", "img": "", "longitude": "-3.7001960485997545", "latitude": "40.45519790204094", "begin": "", "ending": "", "category": "Museums", "subcategories": "Museos"}, {"id": "2187", "title": "Museo de Aeron\u00e1utica y Astron\u00e1utica", "author": "DemoEM", "authorId": "2187", "description": "El museo tiene por finalidad la adquisici\u00f3n, conservaci\u00f3n y exposici\u00f3n de los bienes que constituyen el Patrimonio Hist\u00f3rico de la Aeron\u00e1utica Espa\u00f1ola. Dispone de una exposici\u00f3n exterior y siete hangares que albergan aeronaves, uniformes, cond", "img": "", "longitude": "-3.80843", "latitude": "40.37362", "begin": "", "ending": "", "category": "Museums", "subcategories": "Museos"}, {"id": "2188", "title": "Museo de Am\u00e9rica", "author": "DemoEM", "authorId": "2188", "description": "El museo tiene por finalidad la adquisici\u00f3n, conservaci\u00f3n y exposici\u00f3n de los bienes que constituyen el Patrimonio Hist\u00f3rico de la Aeron\u00e1utica Espa\u00f1ola. Dispone de una exposici\u00f3n exterior y siete hangares que albergan aeronaves, uniformes, cond", "img": "", "longitude": "-3.72186494128936", "latitude": "40.43792950973577", "begin": "", "ending": "", "category": "Museums", "subcategories": "Museos"}, {"id": "2189", "title": "Museo de Arte Contempor\u00e1neo de Madrid", "author": "DemoEM", "authorId": "2189", "description": "Al igual que otros museos de arte contempor\u00e1neo, nacionales o extranjeros, se ha utilizado un edificio hist\u00f3rico para albergar las colecciones: el Cuartel del Conde Duque. El Museo de Arte Contempor\u00e1neo recupera para los madrile\u00f1os el despacho ", "img": "", "longitude": "-3.7106116887809817", "latitude": "40.42737760210632", "begin": "", "ending": "", "category": "Museums", "subcategories": "Museos"}, {"id": "2190", "title": "Museo de Astronom\u00eda y Geodesia", "author": "DemoEM", "authorId": "2190", "description": "El museo de Astronom\u00eda y Geodesia, situado en la Facultad de Ciencias Matem\u00e1ticas de la Universidad Complutense de Madrid, agrupa una importante colecci\u00f3n de instrumentos de Astronom\u00eda, Geodesia y Topograf\u00eda, reunidos con el af\u00e1n did\u00e1ctico de d", "img": "", "longitude": "-3.7262214898219117", "latitude": "40.44942472705852", "begin": "", "ending": "", "category": "Museums", "subcategories": "Museos"}, {"id": "2191", "title": "Museo de Bomberos de Madrid", "author": "DemoEM", "authorId": "2191", "description": "El museo de Astronom\u00eda y Geodesia, situado en la Facultad de Ciencias Matem\u00e1ticas de la Universidad Complutense de Madrid, agrupa una importante colecci\u00f3n de instrumentos de Astronom\u00eda, Geodesia y Topograf\u00eda, reunidos con el af\u00e1n did\u00e1ctico de d", "img": "", "longitude": "-3.6539313207612207", "latitude": "40.39453171263195", "begin": "", "ending": "", "category": "Museums", "subcategories": "Museos"}, {"id": "2192", "title": "Museo de Calcograf\u00eda Nacional", "author": "DemoEM", "authorId": "2192", "description": "Re\u00fane un extraordinario conjunto de planchas grabadas por los m\u00e1s significados artistas espa\u00f1oles, hasta conformar una de las mayores y mejores colecciones de matrices calcogr\u00e1ficas del mundo. Su principal tesoro son las planchas de cobre graba", "img": "", "longitude": "-3.700667044636178", "latitude": "40.41764548040709", "begin": "", "ending": "", "category": "Museums", "subcategories": "Museos"}, {"id": "2193", "title": "Museo de Cera", "author": "DemoEM", "authorId": "2193", "description": "Re\u00fane un extraordinario conjunto de planchas grabadas por los m\u00e1s significados artistas espa\u00f1oles, hasta conformar una de las mayores y mejores colecciones de matrices calcogr\u00e1ficas del mundo. Su principal tesoro son las planchas de cobre graba", "img": "", "longitude": "-3.6914362030084815", "latitude": "40.424403779665376", "begin": "", "ending": "", "category": "Museums", "subcategories": "Museos"}, {"id": "2194", "title": "Museo de Escultura al Aire Libre de la Castellana", "author": "DemoEM", "authorId": "2194", "description": "El Museo de Escultura al Aire Libre de La Castellana, est\u00e1 situado bajo el paso elevado que une las calles de Juan Bravo y Eduardo Dato, contiene una excelente colecci\u00f3n de escultura abstracta espa\u00f1ola.", "img": "", "longitude": "-3.6876122680805956", "latitude": "40.433219398671156", "begin": "", "ending": "", "category": "Museums", "subcategories": "MonumentosEdificiosArtisticos"}, {"id": "2195", "title": "Museo de Historia de Madrid", "author": "DemoEM", "authorId": "2195", "description": "Fue creado como museo municipal en 1929 y rebautizado como Museo de Historia de Madrid en 2007. En el a\u00f1o 2014 se hace una profunda remodelaci\u00f3n y reabre sus puertas con un montaje moderno y una puesta al d\u00eda de sus colecciones.", "img": "", "longitude": "-3.700845660719608", "latitude": "40.42577054821346", "begin": "", "ending": "", "category": "Museums", "subcategories": "MonumentosEdificiosArtisticos"}, {"id": "2196", "title": "Museo de Historia de la Comunidad Jud\u00eda de Madrid", "author": "DemoEM", "authorId": "2196", "description": "Fue creado como museo municipal en 1929 y rebautizado como Museo de Historia de Madrid en 2007. En el a\u00f1o 2014 se hace una profunda remodelaci\u00f3n y reabre sus puertas con un montaje moderno y una puesta al d\u00eda de sus colecciones.", "img": "", "longitude": "-3.700013620203689", "latitude": "40.43534317115623", "begin": "", "ending": "", "category": "Museums", "subcategories": "Museos"}, {"id": "2197", "title": "Museo de Mineralog\u00eda", "author": "DemoEM", "authorId": "2197", "description": "Presenta colecciones de minerales clasificados por su composici\u00f3n qu\u00edmica y vitrinas murales con ejemplares de exhibici\u00f3n procedentes de todo el mundo.", "img": "", "longitude": "-3.6951833197962536", "latitude": "40.54537941407227", "begin": "", "ending": "", "category": "Museums", "subcategories": "Museos"}, {"id": "2198", "title": "Museo de San Isidro. Los Or\u00edgenes de Madrid", "author": "DemoEM", "authorId": "2198", "description": "Este espacio museogr\u00e1fico propone un viaje por la historia de la ciudad de Madrid desde la Prehistoria hasta el establecimiento de la Corte, a trav\u00e9s de distintas salas como la de San Isidro, el Patio renacentista, el Jard\u00edn arqueobot\u00e1nico o el", "img": "", "longitude": "-3.7108161027466378", "latitude": "40.41207900253883", "begin": "", "ending": "", "category": "Museums", "subcategories": "Museos"}, {"id": "2199", "title": "Museo de Sanidad e Higiene P\u00fablica", "author": "DemoEM", "authorId": "2199", "description": "Con sede en el Instituto de Salud Carlos III, ocupa las antiguas dependencias del Laboratorio de Microbiolog\u00eda del Hospital del Rey. 300 m2 conservados tal cual su antiguo uso, con fondos de mobiliario, instrumental y bibliograf\u00eda de los antigu", "img": "", "longitude": "-3.6900603941123107", "latitude": "40.47546597881768", "begin": "", "ending": "", "category": "Museums", "subcategories": "Museos"}, {"id": "2200", "title": "Museo de la Biblioteca Nacional de Espa\u00f1a", "author": "DemoEM", "authorId": "2200", "description": "El Museo de la Biblioteca Nacional de Espa\u00f1a, antiguo Museo del Libro, es responsable de la oferta educativa, formativa, cultural y de ocio de la instituci\u00f3n y divulga las colecciones, funcionamiento e historia de la Biblioteca para todos los p", "img": "", "longitude": "-3.69084423390357", "latitude": "40.423001908945956", "begin": "", "ending": "", "category": "Museums", "subcategories": "Museos"}, {"id": "2201", "title": "Museo de la Catedral de la Almudena", "author": "DemoEM", "authorId": "2201", "description": "El Museo de la Biblioteca Nacional de Espa\u00f1a, antiguo Museo del Libro, es responsable de la oferta educativa, formativa, cultural y de ocio de la instituci\u00f3n y divulga las colecciones, funcionamiento e historia de la Biblioteca para todos los p", "img": "", "longitude": "-3.7136931154460564", "latitude": "40.415538770017406", "begin": "", "ending": "", "category": "Museums", "subcategories": "Museos"}, {"id": "2202", "title": "Museo de la Farmacia Hispana", "author": "DemoEM", "authorId": "2202", "description": "El Museo de la Biblioteca Nacional de Espa\u00f1a, antiguo Museo del Libro, es responsable de la oferta educativa, formativa, cultural y de ocio de la instituci\u00f3n y divulga las colecciones, funcionamiento e historia de la Biblioteca para todos los p", "img": "", "longitude": "-3.7262160043788155", "latitude": "40.4445328804645", "begin": "", "ending": "", "category": "Museums", "subcategories": "Museos"}, {"id": "2203", "title": "Museo de la Guardia Civil", "author": "DemoEM", "authorId": "2203", "description": "El Museo de la Biblioteca Nacional de Espa\u00f1a, antiguo Museo del Libro, es responsable de la oferta educativa, formativa, cultural y de ocio de la instituci\u00f3n y divulga las colecciones, funcionamiento e historia de la Biblioteca para todos los p", "img": "", "longitude": "-3.712300118990835", "latitude": "40.44438523242585", "begin": "", "ending": "", "category": "Museums", "subcategories": "Museos"}, {"id": "2204", "title": "Museo de la Real Academia de Bellas Artes de San Fernando", "author": "DemoEM", "authorId": "2204", "description": "Construido inicialmente para palacio de Don Juan de Goyeneche, el edificio fue adquirido por la Academia de Bellas Artes en 1773 y reformado bajo la direcci\u00f3n de Fernando Chueca Goitia en 1973 y la fachada por Diego de Villanueva en 1774.", "img": "", "longitude": "-3.7006553517170633", "latitude": "40.41765456031193", "begin": "", "ending": "", "category": "Museums", "subcategories": "MonumentosEdificiosArtisticos"}, {"id": "2205", "title": "Museo del Ferrocarril de Madrid", "author": "DemoEM", "authorId": "2205", "description": "Edificio de car\u00e1cter monumental. Proyectada por el ingeniero franc\u00e9s \u00c9mile Cacheli\u00e9vre e inaugurada el 30 de marzo de 1880, la estaci\u00f3n de Delicias fue la primera gran estaci\u00f3n con car\u00e1cter definitivo de Madrid.", "img": "", "longitude": "-3.693817192160563", "latitude": "40.400281290485566", "begin": "", "ending": "", "category": "Museums", "subcategories": "MonumentosEdificiosArtisticos"}, {"id": "2206", "title": "Museo del Prado", "author": "DemoEM", "authorId": "2206", "description": "Construido inicialmente como Museo de Ciencias Naturales, este edificio neocl\u00e1sico fue transformado en pinacoteca de las Colecciones Reales en 1818 con colecciones de pintura, dibujos, grabados, monedas y medallas desde el Rom\u00e1nico hasta el sig", "img": "", "longitude": "-3.691325445518223", "latitude": "40.41358458131178", "begin": "", "ending": "", "category": "Museums", "subcategories": "Museos"}, {"id": "2207", "title": "Museo del Reloj Grassy", "author": "DemoEM", "authorId": "2207", "description": "Arquitecto: Eladio Laredo Carranza (1916 - 1917). Fundado por el relojero franc\u00e9s Grassy en 1955, este museo narra la historia de este aparato de medici\u00f3n. Sus fondos, colecci\u00f3n privada, consta de una amplia y variada colecci\u00f3n de diferentes na", "img": "", "longitude": "-3.69806583195521", "latitude": "40.41914770731552", "begin": "", "ending": "", "category": "Museums", "subcategories": "Museos"}, {"id": "2208", "title": "Museo del Romanticismo", "author": "DemoEM", "authorId": "2208", "description": "Arquitecto: Eladio Laredo Carranza (1916 - 1917). Fundado por el relojero franc\u00e9s Grassy en 1955, este museo narra la historia de este aparato de medici\u00f3n. Sus fondos, colecci\u00f3n privada, consta de una amplia y variada colecci\u00f3n de diferentes na", "img": "", "longitude": "-3.6987835425963063", "latitude": "40.42585510296794", "begin": "", "ending": "", "category": "Museums", "subcategories": "Museos"}, {"id": "2209", "title": "Museo del Seguro. Fundaci\u00f3n Mapfre", "author": "DemoEM", "authorId": "2209", "description": "Ubicado en el edificio de Fundaci\u00f3n MAPFRE exhibe una amplia colecci\u00f3n de piezas relacionadas con la historia de la actividad aseguradora desde el siglo XVIII hasta nuestros d\u00edas. Ofrece visitas guiadas y gratuitas para grupos.", "img": "", "longitude": "-3.6922850587679505", "latitude": "40.42326356132727", "begin": "", "ending": "", "category": "Museums", "subcategories": "Museos"}, {"id": "2210", "title": "Museo del Traje. Centro de Investigaci\u00f3n del Patrimonio Etnol\u00f3gico (CIPE)", "author": "DemoEM", "authorId": "2210", "description": "Edificio de car\u00e1cter monumental, construido por Jaime L\u00f3pez de Asia\u00edn en 1969.", "img": "", "longitude": "-3.7278378564088275", "latitude": "40.439657822278555", "begin": "", "ending": "", "category": "Museums", "subcategories": "Museos"}, {"id": "2211", "title": "Palacio Real de El Pardo", "author": "DemoEM", "authorId": "2211", "description": "Recinto en el que se conserva el Palacio, construido sobre el castillo del siglo XV, la Casita del Pr\u00edncipe, del siglo XVIII y la Quinta del Duque de Arco (Palacete que fue Casa de Labor y sus tierras). Desde 1983 ha sido adecuado para residenc", "img": "", "longitude": "-3.7762390614462853", "latitude": "40.520522342970146", "begin": "", "ending": "", "category": "Museums", "subcategories": "MonumentosEdificiosArtisticos"}, {"id": "2212", "title": "Palacio Real de Madrid", "author": "DemoEM", "authorId": "2212", "description": "Construido sobre el solar del antiguo Alc\u00e1zar tras un incendio en 1734. Proyectado por Juvara en 1735 y construido por Sachet de 1738 a 1764 bajo las influencias del clasicismo barroco. A partir de 1770, Sabatini a\u00f1adi\u00f3 el ala sudeste y realiz\u00f3", "img": "", "longitude": "-3.712699107286406", "latitude": "40.42075212551193", "begin": "", "ending": "", "category": "Museums", "subcategories": "MonumentosEdificiosArtisticos"}, {"id": "2213", "title": "Pante\u00f3n de Hombres Ilustres", "author": "DemoEM", "authorId": "2213", "description": "La construcci\u00f3n de este edificio responde a dos de las constantes de fines de siglo: la arquitectura historicista y la escultura funeraria. En \u00e9l reposan trece personajes ilustres de la historia pol\u00edtica y militar espa\u00f1ola.", "img": "", "longitude": "-3.683413041846525", "latitude": "40.40622617519116", "begin": "", "ending": "", "category": "Museums", "subcategories": "MonumentosEdificiosArtisticos"}, {"id": "2214", "title": "Parroquia Santa Cruz", "author": "DemoEM", "authorId": "2214", "description": "La construcci\u00f3n de este edificio responde a dos de las constantes de fines de siglo: la arquitectura historicista y la escultura funeraria. En \u00e9l reposan trece personajes ilustres de la historia pol\u00edtica y militar espa\u00f1ola.", "img": "", "longitude": "-3.705255882048698", "latitude": "40.414608558946085", "begin": "", "ending": "", "category": "Museums", "subcategories": "MonumentosEdificiosArtisticos"}, {"id": "2215", "title": "Planetario de Madrid", "author": "DemoEM", "authorId": "2215", "description": "Inaugurado el 29 de septiembre de 1986, es un centro dependiente del \u00c1rea de Cultura, Turismo y Deporte del Ayuntamiento de Madrid. Durante los a\u00f1os 2016/2017 fue sometido a una profunda renovaci\u00f3n tanto tecnol\u00f3gica como de las instalaciones y ", "img": "", "longitude": "-3.684956957448299", "latitude": "40.392279999540044", "begin": "", "ending": "", "category": "Museums", "subcategories": "Planetarios"}, {"id": "2216", "title": "Real Bas\u00edlica San Francisco el Grande", "author": "DemoEM", "authorId": "2216", "description": "Conjunto conventual que sustituy\u00f3 al monasterio franciscano medieval, construido por Francisco de las Cabezas entre 1761 y 1768, que fue relevado por Antonio Polo y que concluye Francisco Sabatini en 1784 donde se exponen colecciones de pintura", "img": "", "longitude": "-3.714503845728281", "latitude": "40.41084005024222", "begin": "", "ending": "", "category": "Museums", "subcategories": "MonumentosEdificiosArtisticos"}, {"id": "2217", "title": "Real F\u00e1brica de Tapices", "author": "DemoEM", "authorId": "2217", "description": "Conjunto conventual que sustituy\u00f3 al monasterio franciscano medieval, construido por Francisco de las Cabezas entre 1761 y 1768, que fue relevado por Antonio Polo y que concluye Francisco Sabatini en 1784 donde se exponen colecciones de pintura", "img": "", "longitude": "-3.682515969574079", "latitude": "40.406087329011655", "begin": "", "ending": "", "category": "Museums", "subcategories": "MonumentosEdificiosArtisticos"}, {"id": "2218", "title": "Real Monasterio de Santa Isabel", "author": "DemoEM", "authorId": "2218", "description": "El Real Monasterio de Santa Isabel est\u00e1 situado en Madrid, dentro de la ciudad hist\u00f3rica, en una gran manzana, pr\u00f3xima a Atocha. Santa Isabel agrupa dos fundaciones, un colegio de ni\u00f1as, establecido por Felipe II, y un convento de clausura de m", "img": "", "longitude": "-3.6994547941964946", "latitude": "40.41213027498252", "begin": "", "ending": "", "category": "Museums", "subcategories": "MonumentosEdificiosArtisticos"}, {"id": "2219", "title": "Real Monasterio de la Encarnaci\u00f3n", "author": "DemoEM", "authorId": "2219", "description": "Edificio constru\u00eddo por Juan G\u00f3mez de Mora de 1611 a 1616 como monasterio anejo al Alc\u00e1zar Real, modelo de lo que se ha dado en llamar barroco madrile\u00f1o. Cuenta con la reliquia de San Pantale\u00f3n.", "img": "", "longitude": "-3.711567962866152", "latitude": "40.41967800877382", "begin": "", "ending": "", "category": "Museums", "subcategories": "MonumentosEdificiosArtisticos"}, {"id": "2220", "title": "Real Monasterio de las Descalzas Reales", "author": "DemoEM", "authorId": "2220", "description": "Convento fundado por la Princesa Juana de Austria, transformando un antiguo palacio de su madre Isabel de Portugal.", "img": "", "longitude": "-3.706213134639163", "latitude": "40.418233359889484", "begin": "", "ending": "", "category": "Museums", "subcategories": "MonumentosEdificiosArtisticos"}, {"id": "2221", "title": "Templo de Debod", "author": "DemoEM", "authorId": "2221", "description": "Templo egipcio dedicado a Am\u00f3n de Debod y a Isis, construido entre 185 AC y el siglo I de la Era. Fue donado por Egipto a Espa\u00f1a en 1968, en agradecimiento por la ayuda en el salvamento de los templos de Abu Simbel.  Egyptian temple dedicated t", "img": "", "longitude": "-3.716531855540272", "latitude": "40.42425096551599", "begin": "", "ending": "", "category": "Museums", "subcategories": "MonumentosEdificiosArtisticos"}, {"id": "2222", "title": "The Robot Museum (Museo del Robot)", "author": "DemoEM", "authorId": "2222", "description": "Templo egipcio dedicado a Am\u00f3n de Debod y a Isis, construido entre 185 AC y el siglo I de la Era. Fue donado por Egipto a Espa\u00f1a en 1968, en agradecimiento por la ayuda en el salvamento de los templos de Abu Simbel.  Egyptian temple dedicated t", "img": "", "longitude": "-3.6869551422270077", "latitude": "40.43221485554042", "begin": "", "ending": "", "category": "Museums", "subcategories": "Museos"}, {"id": "2223", "title": "Yacimiento paleontol\u00f3gico. Estaci\u00f3n de Metro Carpetana", "author": "DemoEM", "authorId": "2223", "description": "Durante las obras de remodelaci\u00f3n de la estaci\u00f3n de Carpetana se descubrieron restos paleontol\u00f3gicos con valiosos hallazgos del Mioceno, lo que ha hecho posible una reconstrucci\u00f3n de los paleoambientes en dos yacimientos verticales.", "img": "", "longitude": "-3.7413026173286053", "latitude": "40.39254099575156", "begin": "", "ending": "", "category": "Museums", "subcategories": "Museos"}, {"id": "2224", "title": "Zapadores Ciudad del Arte", "author": "DemoEM", "authorId": "2224", "description": "Durante las obras de remodelaci\u00f3n de la estaci\u00f3n de Carpetana se descubrieron restos paleontol\u00f3gicos con valiosos hallazgos del Mioceno, lo que ha hecho posible una reconstrucci\u00f3n de los paleoambientes en dos yacimientos verticales.", "img": "", "longitude": "-3.6818117500732046", "latitude": "40.49572804745456", "begin": "", "ending": "", "category": "Museums", "subcategories": "Museos"}]}