{"activities": [{"id": "1000", "title": "Autocine Madrid RACE", "author": "DemoEM", "authorId": "1000", "description": "\u00a0\u00a0", "img": "", "longitude": "-3.682719171453021", "latitude": "40.500437060081694", "begin": "", "ending": "", "category": "ShowsHalls", "subcategories": "Cinemas"}, {"id": "1001", "title": "Centro Comercial Dreams - Palacio Municipal de Hielo", "author": "DemoEM", "authorId": "1001", "description": "\u00a0\u00a0Metro: Canillas (l\u00ednea 4).  Bus: 120, 112, 122, 153.", "img": "", "longitude": "-3.635733711568097", "latitude": "40.46291274127404", "begin": "", "ending": "", "category": "ShowsHalls", "subcategories": "Cinemas"}, {"id": "1002", "title": "Cine Artesiete Alcal\u00e1 Full HD", "author": "DemoEM", "authorId": "1002", "description": "\u00a0\u00a0Metro: Ciudad Lineal (l\u00ednea 5)  Bus: 104, 109, 113, 4, 77, 48, 70, 105, 38", "img": "", "longitude": "-3.638523962349189", "latitude": "40.437446906533594", "begin": "", "ending": "", "category": "ShowsHalls", "subcategories": "Cinemas"}, {"id": "1003", "title": "Cine Artistic Metropol", "author": "DemoEM", "authorId": "1003", "description": "\u00a0\u00a0Metro: Acacias (l\u00ednea 5), Embajadores (l\u00ednea 3)  Bus: 116, 118, 119, 34, 36, 62, 148, 41, 60, C03, C2, C1  Cercan\u00edas Renfe: Embajadores (l\u00ednea C5)  Bicimad: Estaci\u00f3n 46 (Ribera de Curtidores, 28) / Estaci\u00f3n 163 (Paseo de la Esperanza, 2).", "img": "", "longitude": "-3.70742856791561", "latitude": "40.404856499695455", "begin": "", "ending": "", "category": "ShowsHalls", "subcategories": "Cinemas"}, {"id": "1004", "title": "Cine Capitol Gran V\u00eda", "author": "DemoEM", "authorId": "1004", "description": "\u00a0Descripci\u00f3n monumental: Arquitectos: Luis Mart\u00ednez - Feduchi y Vicente Eced (1931 - 1933). Esta joya arquitect\u00f3nica vanguardista e innovadora se construy\u00f3 con la ambici\u00f3n de convertirse en un hito urbano. Desde su origen se pens\u00f3 en \u00e9l como so", "img": "", "longitude": "-3.7065898195198486", "latitude": "40.42043827261684", "begin": "", "ending": "", "category": "ShowsHalls", "subcategories": "Cinemas"}, {"id": "1005", "title": "Cine Cinesa La Gavia 3D", "author": "DemoEM", "authorId": "1005", "description": "\u00a0\u00a0Bus: 145", "img": "", "longitude": "-3.597512351069017", "latitude": "40.367701522967664", "begin": "", "ending": "", "category": "ShowsHalls", "subcategories": "Cinemas"}, {"id": "1006", "title": "Cine Cinesa Las Rosas 3D", "author": "DemoEM", "authorId": "1006", "description": "\u00a0\u00a0Metro: Alsacia (l\u00ednea 2)  Bus: 106, 140, 159, E2. 153", "img": "", "longitude": "-3.6225145335284066", "latitude": "40.41850711270872", "begin": "", "ending": "", "category": "ShowsHalls", "subcategories": "Cinemas"}, {"id": "1007", "title": "Cine Cinesa Manoteras 3D", "author": "DemoEM", "authorId": "1007", "description": "\u00a0\u00a0Cercan\u00edas Renfe: Fuente de la Mora (C1, C10)  Autob\u00fas: 150", "img": "", "longitude": "-3.6654142365599194", "latitude": "40.48604287095553", "begin": "", "ending": "", "category": "ShowsHalls", "subcategories": "Cinemas"}, {"id": "1008", "title": "Cine Cinesa M\u00e9ndez \u00c1lvaro 3D", "author": "DemoEM", "authorId": "1008", "description": "\u00a0\u00a0Metro: M\u00e9ndez \u00c1lvaro (l\u00ednea 6)  Cercan\u00edas Renfe: M\u00e9ndez \u00c1lvaro (l\u00edneas C1, C5, C10)  Bus: 113", "img": "", "longitude": "-3.6755496528510783", "latitude": "40.396524567021544", "begin": "", "ending": "", "category": "ShowsHalls", "subcategories": "Cinemas"}, {"id": "1009", "title": "Cine Cinesa Pr\u00edncipe P\u00edo 3D", "author": "DemoEM", "authorId": "1009", "description": "\u00a0\u00a0Metro: Pr\u00edncipe P\u00edo (l\u00edneas 6, 10)  Bus: 41, 46, 75  Cercan\u00edas Renfe: Pr\u00edncipe P\u00edo (l\u00edneas C1, C7 y C10)  Bicimad: Estaci\u00f3n 161 (Paseo de la Florida, 8)", "img": "", "longitude": "-3.7209625681527148", "latitude": "40.42078197104075", "begin": "", "ending": "", "category": "ShowsHalls", "subcategories": "Cinemas"}, {"id": "1010", "title": "Cine Cinesa Proyecciones 3D", "author": "DemoEM", "authorId": "1010", "description": "\u00a0\u00a0Metro: Quevedo (l\u00ednea 2), Bilbao (l\u00edneas 1 y 4)  Bus: 149, 3, 37  Bicimad: Estaciones 200 (glorieta Quevedo, 5), 4 (calle Manuela Malasa\u00f1a, 5), 5 (calle Fuencarral, 108).  Aparcamiento: Olavide (52), Plaza de Olavide", "img": "", "longitude": "-3.7032511074682977", "latitude": "40.43148568058066", "begin": "", "ending": "", "category": "ShowsHalls", "subcategories": "Cinemas"}, {"id": "1011", "title": "Cine Conde Duque Auditorio Morasol", "author": "DemoEM", "authorId": "1011", "description": "\u00a0\u00a0Metro: Concha Espina (l\u00ednea 9)  Bus: 16, 29, 52, 19", "img": "", "longitude": "-3.6759848696172304", "latitude": "40.44826095436997", "begin": "", "ending": "", "category": "ShowsHalls", "subcategories": "Cinemas"}, {"id": "1012", "title": "Cine Conde Duque Goya", "author": "DemoEM", "authorId": "1012", "description": "\u00a0\u00a0Metro: Goya (l\u00edneas 2 y 4), Vel\u00e1zquez (l\u00ednea 4), Pr\u00edncipe de Vergara (l\u00edneas 2 y 9)  Bus: 29, 52, 21, 53, 15, 152  Bicimad: Estaci\u00f3n 91 (calle Hermosilla, 70)", "img": "", "longitude": "-3.6796079845954734", "latitude": "40.425122566570735", "begin": "", "ending": "", "category": "ShowsHalls", "subcategories": "Cinemas"}, {"id": "1013", "title": "Cine Conde Duque Santa Engracia 3D", "author": "DemoEM", "authorId": "1013", "description": "\u00a0\u00a0Metro: Rios Rosas (l\u00ednea 1)  Bus: 12, 45, 149, 3, 37  Bicimad: Estaci\u00f3n 130 (calle Santa Engracia, 127)", "img": "", "longitude": "-3.701772948792809", "latitude": "40.442395567766845", "begin": "", "ending": "", "category": "ShowsHalls", "subcategories": "Cinemas"}, {"id": "1014", "title": "Cine Conde Duque Verdi Alberto Aguilera", "author": "DemoEM", "authorId": "1014", "description": "\u00a0\u00a0Metro: San Bernardo (l\u00edneas 2, 4)  Bus: 21, C03, 147, 3  Bicimad: Estaci\u00f3n 3 (Plaza del Conde Suchil, 2-4) / Estaci\u00f3n 12 (calle San Bernardo, 85).", "img": "", "longitude": "-3.706593653591267", "latitude": "40.42981664825533", "begin": "", "ending": "", "category": "ShowsHalls", "subcategories": "Cinemas"}, {"id": "1015", "title": "Cine Estudio C\u00edrculo de Bellas Artes", "author": "DemoEM", "authorId": "1015", "description": "\u00a0\u00a0Metro: Banco de Espa\u00f1a (l\u00ednea 2), Sevilla (l\u00ednea 2)  Bus: 001, 146, 150, 5, 51, 52, 53, 9, 002, 1, 2, 3, 46, 74, 15, 20  Bicimad: Estaci\u00f3n 20a (calle Alcal\u00e1, 49) / estaci\u00f3n 28 (calle Alcal\u00e1, 27)  Aparcamiento: Sevilla (41), calle Sevilla y ca", "img": "", "longitude": "-3.6966084554513072", "latitude": "40.418417756198565", "begin": "", "ending": "", "category": "ShowsHalls", "subcategories": "Cinemas"}, {"id": "1016", "title": "Cine La Vaguada", "author": "DemoEM", "authorId": "1016", "description": "\u00a0\u00a0Metro: Barrio del Pilar (l\u00ednea 9)  Bus: 128, 132, 137, 49, 83, 134", "img": "", "longitude": "-3.70721", "latitude": "40.48059", "begin": "", "ending": "", "category": "ShowsHalls", "subcategories": "Cinemas"}, {"id": "1017", "title": "Cine mk2 Palacio de Hielo", "author": "DemoEM", "authorId": "1017", "description": "\u00a0\u00a0Metro: Canillas (l\u00ednea 4)  Bus: 120, 112, 122, 153", "img": "", "longitude": "-3.636003964017397", "latitude": "40.462803146661386", "begin": "", "ending": "", "category": "ShowsHalls", "subcategories": "Cinemas"}, {"id": "1018", "title": "Cine Palacio de la Prensa", "author": "DemoEM", "authorId": "1018", "description": "\u00a0\u00a0Metro: Callao (l\u00ednea 3)  Bus: 001, 1, 2. 3, 46, 74, 147, 148, 75  Bicimad:Estaci\u00f3n 22 (calle Jacometrezzo, 3) / Estaci\u00f3n 2 (calle Miguel Moya, 1)  Aparcamiento: El Corte Ingl\u00e9s Callao (92), Plaza de Callao", "img": "", "longitude": "-3.7055226978126132", "latitude": "40.41984118412432", "begin": "", "ending": "", "category": "ShowsHalls", "subcategories": "Cinemas"}, {"id": "1019", "title": "Cine Renoir Plaza de Espa\u00f1a", "author": "DemoEM", "authorId": "1019", "description": "\u00a0\u00a0Metro: Plaza Espa\u00f1a (l\u00edneas 3, 10)  Bus: 001, 1, 133, 138, 2, 44, 62, 74, C2, C1  Bicimad: Estaci\u00f3n 14 (calle Ventura Rodr\u00edguez, 2) / Estaciones 116 a y b (plaza de Espa\u00f1a).  Aparcamiento: Plaza de Espa\u00f1a (53), Plaza de Espa\u00f1a", "img": "", "longitude": "-3.7134211001030777", "latitude": "40.424378311873575", "begin": "", "ending": "", "category": "ShowsHalls", "subcategories": "Cinemas"}, {"id": "1020", "title": "Cine Renoir Retiro", "author": "DemoEM", "authorId": "1020", "description": "\u00a0\u00a0Metro: Ibiza (l\u00edneas 9)  Bus: 15, 215, 26, 61, 63, C1, C2, 2, 28, E2, E3, E4, E5  Bicimad: Estaci\u00f3n 61 (calle O'Donnell, 28) / Estaci\u00f3n 181 (Ibiza, 18).", "img": "", "longitude": "-3.6763627973897464", "latitude": "40.42007851600518", "begin": "", "ending": "", "category": "ShowsHalls", "subcategories": "Cinemas"}, {"id": "1021", "title": "Cine Sala Berlanga", "author": "DemoEM", "authorId": "1021", "description": "\u00a0\u00a0Metro: Moncloa (l\u00edneas 3, 6), Islas Filipinas (l\u00ednea 7)  Bus: 2, 16, 61  Bicimad: Estaci\u00f3n 199 (Fernando el Cat\u00f3lico, 61)", "img": "", "longitude": "-3.7144273694875025", "latitude": "40.43592165987274", "begin": "", "ending": "", "category": "ShowsHalls", "subcategories": "Cinemas"}, {"id": "1022", "title": "Cine Verdi HD", "author": "DemoEM", "authorId": "1022", "description": "\u00a0\u00a0Metro: Quevedo (l\u00ednea 2)  Bus: 149, 37, 3  Bicimad: Estaci\u00f3n 201 (Jos\u00e9 Abascal, 2) / Estaci\u00f3n 200 (glorieta Quevedo, 5)", "img": "", "longitude": "-3.70408281907753", "latitude": "40.43662476624267", "begin": "", "ending": "", "category": "ShowsHalls", "subcategories": "Cinemas"}, {"id": "1023", "title": "Cine Yelmo Luxury Palafox", "author": "DemoEM", "authorId": "1023", "description": "\u00a0\u00a0Metro: Bilbao (l\u00edneas 1 y 4)  Bus: 147, 40, 37, 149, 3, 21, C03  Bicimad: Estaci\u00f3n 124 (calle Manuel Silvela, 20)  Aparcamiento: Fuencarral (27), calle Fuencarral, 111 (entre 111 y 121)", "img": "", "longitude": "-3.7009022033424803", "latitude": "40.430081135559696", "begin": "", "ending": "", "category": "ShowsHalls", "subcategories": "Cinemas"}, {"id": "1024", "title": "Cines Callao", "author": "DemoEM", "authorId": "1024", "description": "\u00a0Descripci\u00f3n monumental:  conjunto monumental, y sencillo en sus l\u00edneas, dise\u00f1ado por el arquitecto Luis Guti\u00e9rrez Soto (1926 - 1927) con elementos decorativos neobarrocos,  art d\u00e9co  y de influencia vienesa. Destaca su decoraci\u00f3n y el torre\u00f3n ", "img": "", "longitude": "-3.7054891255917886", "latitude": "40.42001256069903", "begin": "", "ending": "", "category": "ShowsHalls", "subcategories": "Cinemas"}, {"id": "1025", "title": "Cines Embajadores", "author": "DemoEM", "authorId": "1025", "description": "\u00a0\u00a0Metro: Delicias (l\u00ednea 3)  Bus: 148, 60, 78, 55, 6, E1, 59, 85  Cercan\u00edas Renfe: Delicias (l\u00edneas C1 y C10)  Bicimad: Estaci\u00f3n 121 (paseo Santa Mar\u00eda de la Cabeza, 58)  Estaci\u00f3n 171 (Embajadores, 101)", "img": "", "longitude": "-3.6985414548506554", "latitude": "40.40070476221974", "begin": "", "ending": "", "category": "ShowsHalls", "subcategories": "Cinemas"}, {"id": "1026", "title": "Cines Golem", "author": "DemoEM", "authorId": "1026", "description": "\u00a0\u00a0Metro: Plaza Espa\u00f1a (l\u00edneas 3, 10)  Bus: 001, 1, 133, 138, 2, 44, 62, 74, C2, C1  Bicimad: Estaci\u00f3n 14 (calle Ventura Rodr\u00edguez, 2)  Aparcamiento: Plaza de Espa\u00f1a (53), Plaza de Espa\u00f1a", "img": "", "longitude": "-3.7136954365525874", "latitude": "40.42470339769853", "begin": "", "ending": "", "category": "ShowsHalls", "subcategories": "Cinemas"}, {"id": "1027", "title": "Cines Princesa", "author": "DemoEM", "authorId": "1027", "description": "\u00a0\u00a0Metro: Plaza de Espa\u00f1a (l\u00edneas 3, 10), Ventura Rodr\u00edguez (l\u00ednea 3)  Bus: 001, 1, 2, 44, 62, 74, 133, 138, C2  Bicimad: Estaci\u00f3n 14 (calle Ventura Rodr\u00edguez, 2) / Estaci\u00f3n 116 a y b (Plaza de Espa\u00f1a)  Aparcamiento: Plaza de Espa\u00f1a (53), Plaza ", "img": "", "longitude": "-3.7128707959595735", "latitude": "40.424733058522776", "begin": "", "ending": "", "category": "ShowsHalls", "subcategories": "Cinemas"}, {"id": "1028", "title": "Cineteca Madrid", "author": "DemoEM", "authorId": "1028", "description": "Sala dedicada casi en exclusiva al cine de no ficci\u00f3n\u00a0Venta anticipada en la p\u00e1gina web\u00a0Metro: Legazpi (l\u00edneas 6, 3)  Bus: 123, 22, 79, 148, 62, 45, 8, 156, 180, T32, 18, 6, 78, 19, 247, 47, 59, 76, 85, 86  Bicimad: Estaci\u00f3n 177 (calle Bol\u00edvar,", "img": "", "longitude": "-3.6958079719260075", "latitude": "40.391053041229135", "begin": "", "ending": "", "category": "ShowsHalls", "subcategories": "Cinemas"}, {"id": "1029", "title": "Filmoteca Espa\u00f1ola. Cine Dor\u00e9", "author": "DemoEM", "authorId": "1029", "description": "El Cine Dor\u00e9 es el local de la Filmoteca Espa\u00f1ola donde \u00e9sta exhibe diariamente sus programaciones cinematogr\u00e1ficas\u00a0\u00a0Metro: Tirso de Molina (l\u00ednea 1), Lavapies (l\u00ednea 1), Ant\u00f3n Mart\u00edn (l\u00ednea 1)  Bus: 26, 32, 6, 57  Bicimad: Estaci\u00f3n 41 (calle A", "img": "", "longitude": "-3.69922751452095", "latitude": "40.411807323876616", "begin": "", "ending": "", "category": "ShowsHalls", "subcategories": "Cinemas"}, {"id": "1030", "title": "Peque\u00f1o Cine Estudio", "author": "DemoEM", "authorId": "1030", "description": "\u00a0\u00a0Metro: Quevedo (l\u00ednea 2)  Bus: 149, 3, 37, 16, 61  Bicimad: Estaci\u00f3n 200 (glorieta Quevedo, 5)", "img": "", "longitude": "-3.705430315372582", "latitude": "40.4324363685589", "begin": "", "ending": "", "category": "ShowsHalls", "subcategories": "Cinemas"}, {"id": "1031", "title": "Yelmo Cines Ideal 3D", "author": "DemoEM", "authorId": "1031", "description": "\u00a0\u00a0Metro: Tirso de Molina (l\u00edneas 1), Sol (l\u00edneas 1, 2 y 3)  Autob\u00fas: 002, M1, 26, 32, 6, 65, 50  Cercan\u00edas Renfe: Sol (l\u00edneas C3 y C4)  Bicimad: Estaci\u00f3n 40 (Plaza del Conde de Romanones, 9) / Estaci\u00f3n 34 (Plaza de Jacinto Benavente)  Aparcamie", "img": "", "longitude": "-3.703799959506574", "latitude": "40.41381195334125", "begin": "", "ending": "", "category": "ShowsHalls", "subcategories": "Cinemas"}, {"id": "1032", "title": "Yelmo Cines Islazul 3D", "author": "DemoEM", "authorId": "1032", "description": "\u00a0\u00a0Bus: 118", "img": "", "longitude": "-3.737931015705989", "latitude": "40.3652060762759", "begin": "", "ending": "", "category": "ShowsHalls", "subcategories": "Cinemas"}, {"id": "1033", "title": "Yelmo Cines Plenilunio 3D", "author": "DemoEM", "authorId": "1033", "description": "\u00a0\u00a0Autob\u00fas: 77, 167, 114", "img": "", "longitude": "-3.588034635001023", "latitude": "40.4477086726212", "begin": "", "ending": "", "category": "ShowsHalls", "subcategories": "Cinemas"}, {"id": "1034", "title": "Caf\u00e9 Teatro Serendipia", "author": "DemoEM", "authorId": "1034", "description": "\u00a0\u00a0Metro: Pueblo Nuevo (l\u00edneas 5 y 7).  Bus: 109, 113, 38.", "img": "", "longitude": "-3.645847906504054", "latitude": "40.435190000069746", "begin": "", "ending": "", "category": "ShowsHalls", "subcategories": "Theatres"}, {"id": "1035", "title": "DT Espacio Esc\u00e9nico", "author": "DemoEM", "authorId": "1035", "description": "\u00a0\u00a0Metro: Gran V\u00eda (l\u00edneas 1, 5).  Bus: 002, 3, 46, 001, 1, 2, 74, 146  Bicimad: Estaci\u00f3n 18 (plaza Pedro Zerolo, 1).  Aparcamiento: Plaza Pedro Zerolo (71).", "img": "", "longitude": "-3.700283103997518", "latitude": "40.42040457289982", "begin": "", "ending": "", "category": "ShowsHalls", "subcategories": "Theatres"}, {"id": "1036", "title": "El umbral de la primavera", "author": "DemoEM", "authorId": "1036", "description": "\u00a0\u00a0Metro: Lavapi\u00e9s (l\u00ednea 3), Ant\u00f3n Mart\u00edn (l\u00ednea 1).  Bus: M1.  Bicimad: Estaciones 53 (calle Valencia, 1), 43 (calle Lavapi\u00e9s, 34), 42 (calle Atocha, 95).  Aparcamiento: Garaje calle Amparo (75).", "img": "", "longitude": "-3.700394299299595", "latitude": "40.40952998024258", "begin": "", "ending": "", "category": "ShowsHalls", "subcategories": "Theatres"}, {"id": "1037", "title": "Espacio Gallinero", "author": "DemoEM", "authorId": "1037", "description": "\u00a0\u00a0Metro: Carpetana (L\u00ednea 6).  Bus: 17.", "img": "", "longitude": "-3.7447341234745273", "latitude": "40.39188020285107", "begin": "", "ending": "", "category": "ShowsHalls", "subcategories": "Theatres"}, {"id": "1038", "title": "Extensi\u00f3n AVAM. Matadero Madrid", "author": "DemoEM", "authorId": "1038", "description": "La Asociaci\u00f3n de Artistas Visuales de Madrid dispone de un espacio en Matadero destinado a  la participaci\u00f3n, debate y visibilidad de las producciones de los artistas.\u00a0\u00a0Renfe: Embajadores  Metro: Legazpi (l\u00edneas 3, 6)  Bus: 123, 22, 79, 148, 18", "img": "", "longitude": "-3.697259467865366", "latitude": "40.39241367848808", "begin": "", "ending": "", "category": "ShowsHalls", "subcategories": "Theatres"}, {"id": "1039", "title": "Fern\u00e1n G\u00f3mez Centro Cultural de la Villa", "author": "DemoEM", "authorId": "1039", "description": "\u00a0\u00a0Metro: Col\u00f3n (l\u00ednea 4), Serrano (l\u00ednea 4)  Bus: 37, 14, 150, 27, 45, 5, 53, C03  Bicimad: Estaci\u00f3n 93 (calle Goya, 1) / Estaci\u00f3n 10 (calle Marqu\u00e9s de la Ensenada, 16)  Renfe: Recoletos  Aparcamiento: Col\u00f3n (2), Plaza de Col\u00f3n", "img": "", "longitude": "-3.6899208519663427", "latitude": "40.424926347610764", "begin": "", "ending": "", "category": "ShowsHalls", "subcategories": "Theatres"}, {"id": "1040", "title": "Gran Teatro CaixaBank  Pr\u00edncipe P\u00edo", "author": "DemoEM", "authorId": "1040", "description": "\u00a0\u00a0Metro: Pr\u00edncipe P\u00edo (l\u00edneas 6, 10 y R).  Bus: 138, 148, 25, 3, 39, 46, 62, 75, C2, C1, 33, 41.  Cercan\u00edas Renfe: Pr\u00edncipe P\u00edo (C1, C7, C10 y Regional).  Bicimad: Estaci\u00f3n 161 (paseo de la Florida, 8).", "img": "", "longitude": "-3.7190728318719177", "latitude": "40.420433378754346", "begin": "", "ending": "", "category": "ShowsHalls", "subcategories": "Theatres"}, {"id": "1041", "title": "Microteatro Por Dinero", "author": "DemoEM", "authorId": "1041", "description": "\u00a0\u00a0Metro: Callao (l\u00edneas 3 y 5), Gran V\u00eda (l\u00edneas 1 y 5).  Bus: 002, 001, 1, 2, 46, 74, 3.  Bicimad: Estaciones 211 (Desenga\u00f1o, 1), 17 (plaza de Carlos Carbonero, 2) y 2 (calle Miguel Moya, 1).  Aparcamientos: Luna-Tudescos (14) (plaza Santa Mar", "img": "", "longitude": "-3.7040668231939438", "latitude": "40.42152574011699", "begin": "", "ending": "", "category": "ShowsHalls", "subcategories": "Theatres"}, {"id": "1042", "title": "Naves Espa\u00f1ol en Matadero", "author": "DemoEM", "authorId": "1042", "description": "Con la apertura de las Naves del Espa\u00f1ol se inaugur\u00f3 una nueva era en la producci\u00f3n y exhibici\u00f3n de las artes esc\u00e9nicas en Madrid. Las Naves se presentaron como un espacio abierto a la reflexi\u00f3n y experimentaci\u00f3n a todas las propuestas m\u00e1s vang", "img": "", "longitude": "-3.697247685884226", "latitude": "40.39241374953321", "begin": "", "ending": "", "category": "ShowsHalls", "subcategories": "Theatres"}, {"id": "1043", "title": "Nuevo Teatro Alcal\u00e1", "author": "DemoEM", "authorId": "1043", "description": "\u00a0\u00a0Metro: Pr\u00edncipe de Vergara (l\u00edneas 2 y 9), Goya (l\u00edneas 2 y 4).  Bus: 146, 152, 15, 29, C1, 52, 30, 43, 21, 53, 215, 26, 61.  Bicimad: Estaci\u00f3n 97 (avenida Men\u00e9ndez Pelayo, 3), Estaci\u00f3n 98 (plaza de Felipe II).  Aparcamiento: Vel\u00e1zquez Jorge ", "img": "", "longitude": "-3.678258596986864", "latitude": "40.42340075550414", "begin": "", "ending": "", "category": "ShowsHalls", "subcategories": "Theatres"}, {"id": "1044", "title": "Off Latina", "author": "DemoEM", "authorId": "1044", "description": "\u00a0\u00a0Metro: La Latina (l\u00ednea 5).  Bus: 60, 31, 50, 65.  Bicimad: Estaci\u00f3n 38 (carrera de San Francisco, 1).", "img": "", "longitude": "-3.7119825698992885", "latitude": "40.41204479812585", "begin": "", "ending": "", "category": "ShowsHalls", "subcategories": "Theatres"}, {"id": "1045", "title": "Peque\u00f1o Teatro Gran V\u00eda", "author": "DemoEM", "authorId": "1045", "description": "\u00a0\u00a0Metro: Plaza de Espa\u00f1a (l\u00edneas 3, 10), Santo Domingo (l\u00ednea 2).  Bus: 148, 3, 46, 75, 133, 44, 147, 001, 1, 2, 74, 25.  Bicimad: Estaci\u00f3n 16 (calle San Bernardo, 22).  Aparcamientos: Isabel la Cat\u00f3lica (98) (calle Isabel la Cat\u00f3lica),  Mosten", "img": "", "longitude": "-3.7089562066882342", "latitude": "40.42240577324947", "begin": "", "ending": "", "category": "ShowsHalls", "subcategories": "Theatres"}, {"id": "1046", "title": "R\u00e9plika Teatro", "author": "DemoEM", "authorId": "1046", "description": "\u00a0\u00a0Metro: Guzm\u00e1n el Bueno (l\u00edneas 6 y 7).  Bus: 45, C2, F, C1.  Bicimad: Estaci\u00f3n 256 (calle Beatriz de Bobadilla, 2).", "img": "", "longitude": "-3.7118246776358195", "latitude": "40.44821880668578", "begin": "", "ending": "", "category": "ShowsHalls", "subcategories": "Theatres"}, {"id": "1047", "title": "Sala Arapiles 16", "author": "DemoEM", "authorId": "1047", "description": "\u00a0\u00a0Metro: Quevedo (l\u00ednea 2)  Bus: 16, 61  Bicimad: Estaci\u00f3n 127 (calle Fernando el Cat\u00f3lico, 127)", "img": "", "longitude": "-3.708159572592643", "latitude": "40.43312718155775", "begin": "", "ending": "", "category": "ShowsHalls", "subcategories": "Theatres"}, {"id": "1048", "title": "Sala de Teatro La Escalera de Jacob", "author": "DemoEM", "authorId": "1048", "description": "\u00a0\u00a0Metro: Lavapies (l\u00ednea 3)  Bus: M1  Bicimad: Estaciones 43 (calle Lavapi\u00e9s, 34-36) y 53 (calle Valencia, 1).  Aparcamiento: Garaje Centro (68), calle Relatores, 11", "img": "", "longitude": "-3.7028377820426464", "latitude": "40.411337615129355", "begin": "", "ending": "", "category": "ShowsHalls", "subcategories": "Theatres"}, {"id": "1049", "title": "Sala de teatro. La Usina", "author": "DemoEM", "authorId": "1049", "description": "\u00a0\u00a0Metro: Embajadores (l\u00ednea 3).  Bus: 148, 60, 78, 55, 59, 6, 85.  Cercan\u00edas Renfe: Embajadores (l\u00ednea C5).  Bicimad: Estaci\u00f3n 121 (paseo Santa Mar\u00eda de la Cabeza, 58).", "img": "", "longitude": "-3.7001223561771193", "latitude": "40.402621678076535", "begin": "", "ending": "", "category": "ShowsHalls", "subcategories": "Theatres"}, {"id": "1050", "title": "Sala Intemperie Teatro", "author": "DemoEM", "authorId": "1050", "description": "\u00a0\u00a0Metro: Bilbao (l\u00edneas 1 y 4), Noviciado (l\u00edneas 2, 3 y 19), San Bernando (l\u00edneas 2 y 4), Tribunal (l\u00edneas 1 y 10)  Bus: 002, 40, 149  Bicimad: Estaci\u00f3n 11 (calle San Andr\u00e9s 18) / estaci\u00f3n 59 (calle Esp\u00edritu Santo, 30)", "img": "", "longitude": "-3.7033578831789087", "latitude": "40.42680810753587", "begin": "", "ending": "", "category": "ShowsHalls", "subcategories": "Theatres"}, {"id": "1051", "title": "Sala Nave 73", "author": "DemoEM", "authorId": "1051", "description": "\u00a0\u00a0Metro: Embajadores (l\u00ednea 3), Palos de la frontera (l\u00ednea 3).  Bus: 59, 6, 85, 148, 60, 78, 55.  Cercan\u00edas Renfe: Embajadores (l\u00ednea C5).  Bicimad: Estaci\u00f3n 121 (paseo de Santa Mar\u00eda de la Cabeza, 58).", "img": "", "longitude": "-3.6987020172137433", "latitude": "40.40316180456706", "begin": "", "ending": "", "category": "ShowsHalls", "subcategories": "Theatres"}, {"id": "1052", "title": "Sala Teatro Azarte", "author": "DemoEM", "authorId": "1052", "description": "\u00a0\u00a0Metro: Chueca (l\u00ednea 5).  Bus: 3.  Bicimad: Estaciones 58 (calle Augusto Figueroa, 33) y 18 (plaza de Pedro Zerolo,1).  Aparcamientos: Plaza Pedro Zerolo (71), Mercado San Ant\u00f3n (94).", "img": "", "longitude": "-3.698360306512048", "latitude": "40.42140719770071", "begin": "", "ending": "", "category": "ShowsHalls", "subcategories": "Theatres"}, {"id": "1053", "title": "Sala Teatro El Foro del Arte", "author": "DemoEM", "authorId": "1053", "description": "\u00a0\u00a0Metro: Acacias (L\u00ednea 5), Embajadores (l\u00ednea 3).  Bus: 148, 41, 60, C03, C1, C2.  Cercan\u00edas Renfe: Embajadores (l\u00ednea C5).  Bicimad: Estaci\u00f3n 46 (calle Ribera de Curtidores, 28).  Aparcamiento: Casino de la Reina (19) calle Casino.", "img": "", "longitude": "-3.706986086212601", "latitude": "40.4065831111567", "begin": "", "ending": "", "category": "ShowsHalls", "subcategories": "Theatres"}, {"id": "1054", "title": "Sala Teatro Exl\u00edmite", "author": "DemoEM", "authorId": "1054", "description": "\u00a0\u00a0Bus  : 6, 60, 81, 78.", "img": "", "longitude": "-3.7089976569199914", "latitude": "40.38061717586449", "begin": "", "ending": "", "category": "ShowsHalls", "subcategories": "Theatres"}, {"id": "1055", "title": "Soho Club Teatro", "author": "DemoEM", "authorId": "1055", "description": "\u00a0\u00a0Metro: Plaza de Espa\u00f1a (l\u00edneas 3 y 10).  Bus: 148, 25, 3, 39, 46, 75, 001, 1, 2, 74, 133, 44.  Bicimad: Estaciones 116 a y b (plaza de Espa\u00f1a).  Aparcamiento: Plaza de Espa\u00f1a (53).", "img": "", "longitude": "-3.711936020558947", "latitude": "40.4225784750317", "begin": "", "ending": "", "category": "ShowsHalls", "subcategories": "Theatres"}, {"id": "1056", "title": "Sojo Laboratorio Teatral.", "author": "DemoEM", "authorId": "1056", "description": "\u00a0\u00a0Metro: Pir\u00e1mides (l\u00ednea 5).  Bus: 18, 23, 35, 17, 41, C03.  Cercan\u00edas Renfe: Pir\u00e1mides (l\u00edneas C1, C10 y Regional).  Bicimad: Estaci\u00f3n 162 (paseo de los Olmos, 28).", "img": "", "longitude": "-3.7121651506836235", "latitude": "40.404543298550344", "begin": "", "ending": "", "category": "ShowsHalls", "subcategories": "Theatres"}, {"id": "1057", "title": "Tablao Cafet\u00edn La Quimera", "author": "DemoEM", "authorId": "1057", "description": "\u00a0\u00a0Metro: Sol (l\u00edneas 1, 2 y 3), Tirso de Molina (l\u00ednea 1), La Latina (l\u00ednea 5).  Bus: 31, 50, 65, 17, 002, 18, 23, M1, 35.  Bicimad: Estaciones 32 (plaza de la Provincia, 1), 9 (plaza de San Miguel, 9), 35 (plaza del Cord\u00f3n).  Cercan\u00edas RENFE: ", "img": "", "longitude": "-3.7079639628064585", "latitude": "40.41455139884737", "begin": "", "ending": "", "category": "ShowsHalls", "subcategories": "Theatres"}, {"id": "1058", "title": "Tablao Flamenco Caf\u00e9 Ziryab", "author": "DemoEM", "authorId": "1058", "description": "\u00a0\u00a0Metro: Acacias (l\u00ednea 5), Embajadores (l\u00ednea 3), Pir\u00e1mides (l\u00ednea 5).  Bus: 62.  Cercan\u00edas Renfe: Pir\u00e1mides (l\u00edneas C1, C7, C10), Embajadores (l\u00ednea C5).  Bicimad: Estaciones 170 (paseo de la Esperanza, 21) y 163 (paseo de la Esperanza, 2).", "img": "", "longitude": "-3.705138659259797", "latitude": "40.402248850411304", "begin": "", "ending": "", "category": "ShowsHalls", "subcategories": "Theatres"}, {"id": "1059", "title": "Tablao Flamenco Candela", "author": "DemoEM", "authorId": "1059", "description": "\u00a0\u00a0Metro: Ant\u00f3n Mart\u00edn (l\u00ednea 1).  Bus: M1.  Bicimad: Estaci\u00f3n 41 (calle Atocha, 54) y 43 (calle Lavapi\u00e9s, 34).  Aparcamiento: Garaje Centro (68) calle Relatores, 11.", "img": "", "longitude": "-3.70155764657445", "latitude": "40.411468882602335", "begin": "", "ending": "", "category": "ShowsHalls", "subcategories": "Theatres"}, {"id": "1060", "title": "Tablao Flamenco Cardamomo", "author": "DemoEM", "authorId": "1060", "description": "\u00a0\u00a0Metro: Sevilla (l\u00ednea 2), Ant\u00f3n Mart\u00edn (l\u00ednea 1), Sol (l\u00edneas 1, 2 y 3).  Bus: 002, M1.  Cercan\u00edas Renfe: Sol (l\u00edneas C3, C4 y Regional).  Bicimad: Estaci\u00f3n 52 (plaza Santa Ana, 10).  Aparcamiento: Plaza de Santa Ana (77).", "img": "", "longitude": "-3.699548238936712", "latitude": "40.415463057589214", "begin": "", "ending": "", "category": "ShowsHalls", "subcategories": "Theatres"}, {"id": "1061", "title": "Tablao Flamenco Corral de la Morer\u00eda", "author": "DemoEM", "authorId": "1061", "description": "\u00a0\u00a0Metro: La Latina (l\u00ednea 5).  Bus: 31, 50, 65.  Bicimad: Estaci\u00f3n 166 (calle Segovia, 26).", "img": "", "longitude": "-3.7142642886798996", "latitude": "40.412706403145705", "begin": "", "ending": "", "category": "ShowsHalls", "subcategories": "Theatres"}, {"id": "1062", "title": "Tablao Flamenco El Lucero", "author": "DemoEM", "authorId": "1062", "description": "\u00a0\u00a0Metro: Banco de Espa\u00f1a (l\u00ednea 2)  Bus: 001, 10, 14, 27, 34, 37, 45, C03.  Bicimad: Estaci\u00f3n 29 (calle del Marqu\u00e9s de Cubas, 25).  Aparcamiento: Plaza de las Cortes (46).", "img": "", "longitude": "-3.6957342044022425", "latitude": "40.41626690688702", "begin": "", "ending": "", "category": "ShowsHalls", "subcategories": "Theatres"}, {"id": "1063", "title": "Tablao Flamenco La Carmela", "author": "DemoEM", "authorId": "1063", "description": "\u00a0\u00a0Metro: Sol (l\u00edneas 1, 2 y 3).  Bus: 002, M1, 15, 150, 20, 5, 53.  Cercan\u00edas Renfe: Sol (l\u00edneas C3, C4 y Regional).  Bicimad: Estaciones 33 (calle Carretas, 8), 1a y 1b (Puerta del Sol, 1).", "img": "", "longitude": "-3.701737920263045", "latitude": "40.41630783060771", "begin": "", "ending": "", "category": "ShowsHalls", "subcategories": "Theatres"}, {"id": "1064", "title": "Tablao Flamenco La Estaci\u00f3n de los Porches", "author": "DemoEM", "authorId": "1064", "description": "\u00a0\u00a0Bus: 102, 24.", "img": "", "longitude": "-3.672208524314873", "latitude": "40.388034703602294", "begin": "", "ending": "", "category": "ShowsHalls", "subcategories": "Theatres"}, {"id": "1065", "title": "Tablao Flamenco La Taberna de Mister Pinkleton", "author": "DemoEM", "authorId": "1065", "description": "\u00a0\u00a0Metro: Sol (l\u00edneas 1, 2 y 3), Tirso de Molina (l\u00ednea 1), La Latina (l\u00ednea 5).  Bus: 31, 50, 65, 17, 002, 18, 23, M1, 35.  Cercan\u00edas Renfe: Sol (l\u00edneas C3 y C4).  Bicimad: Estaciones 32 (plaza de la Provincia, 1), 9 (plaza de San Miguel, 9), 3", "img": "", "longitude": "-3.7079639628064585", "latitude": "40.41455139884737", "begin": "", "ending": "", "category": "ShowsHalls", "subcategories": "Theatres"}, {"id": "1066", "title": "Tablao flamenco Las Tablas", "author": "DemoEM", "authorId": "1066", "description": "\u00a0\u00a0Metro: Plaza de Espa\u00f1a (l\u00edneas 3, 10), Pr\u00edncipe P\u00edo (l\u00edneas 6, 10 y Ramal), Santo Domingo (l\u00ednea 2).  Bus: 138, 148, 25, 3, 39, 46, 62, 75, C1, C2.  Cercan\u00edas Renfe: Pr\u00edncipe P\u00edo (l\u00edneas C1, C7, C10 y Regional).  Bicimad: Estaciones 116 a y b", "img": "", "longitude": "-3.713678674361515", "latitude": "40.42198032023045", "begin": "", "ending": "", "category": "ShowsHalls", "subcategories": "Theatres"}, {"id": "1067", "title": "Tablao Flamenco Torero", "author": "DemoEM", "authorId": "1067", "description": "\u00a0\u00a0Metro: Sol (l\u00edneas 1, 2 y 3).  Bus: 002, M1, 26, 32, 6, 65.  Cercan\u00edas Renfe: Sol (l\u00edneas C3, C4 y Regional).  Bicimad: Estaciones 34 (plaza de Jacinto Benavente), 33 (calle Carretas, 8), 52 (plaza de Santa Ana, 10).  Aparcamientos: Plaza Jac", "img": "", "longitude": "-3.7026944132785204", "latitude": "40.41491309678971", "begin": "", "ending": "", "category": "ShowsHalls", "subcategories": "Theatres"}, {"id": "1068", "title": "Tablao Flamenco Torres Bermejas", "author": "DemoEM", "authorId": "1068", "description": "\u00a0\u00a0Metro: Callao (l\u00edneas 3 y 5), Gran V\u00eda (l\u00edneas 1 y 5).  Bus: 001, 1, 2, 3, 46, 74, 002.  Cercan\u00edas Renfe: Sol (l\u00edneas C3 y C4).  Bicimad: Estaciones 210 (Tres Cruces, 7), 211 (Desenga\u00f1o, 1), 2 (calle Miguel Moya, 1).  Aparcamiento: El Corte I", "img": "", "longitude": "-3.7041793844860695", "latitude": "40.419885409942566", "begin": "", "ending": "", "category": "ShowsHalls", "subcategories": "Theatres"}, {"id": "1069", "title": "Teatro Alfil", "author": "DemoEM", "authorId": "1069", "description": "\u00a0\u00a0Metro: Noviciado (l\u00ednea 2).  Bus: 002.  Bicimad: Estaci\u00f3n 17 (plaza de Carlos Cambronero, 2).  Aparcamiento: Luna-Tudescos (14) plaza Santa Mar\u00eda Soledad Torres Acosta.", "img": "", "longitude": "-3.7044727114319844", "latitude": "40.4231448936827", "begin": "", "ending": "", "category": "ShowsHalls", "subcategories": "Theatres"}, {"id": "1070", "title": "Teatro Amaya", "author": "DemoEM", "authorId": "1070", "description": "\u00a0\u00a0Metro: Iglesia (l\u00ednea 1).  Bus: 16, 5, 61, 3, 37.  Bicimad: Estaciones 125 (calle Fern\u00e1ndez de la Hoz, 29) y 246 (calle Santa Engracia, 87).", "img": "", "longitude": "-3.697193610846834", "latitude": "40.43513498732234", "begin": "", "ending": "", "category": "ShowsHalls", "subcategories": "Theatres"}, {"id": "1071", "title": "Teatro Arlequ\u00edn Gran V\u00eda", "author": "DemoEM", "authorId": "1071", "description": "\u00a0\u00a0Metro: Santo Domingo (l\u00ednea 2), Callao (l\u00edneas 3 y 5).  Bus: 133, 44, 001, 1, 2, 3, 46, 74, 147, 148, 75.  Bicimad: Estaci\u00f3n 23 (plaza Santo Domingo, 1).  Aparcamiento: Isabel la Cat\u00f3lica (98).", "img": "", "longitude": "-3.7083051475459974", "latitude": "40.421022372676056", "begin": "", "ending": "", "category": "ShowsHalls", "subcategories": "Theatres"}, {"id": "1072", "title": "Teatro Auditorio Casa de Campo", "author": "DemoEM", "authorId": "1072", "description": "Tiene una excelente calidad ac\u00fastica y visual y es perfecto para la celebraci\u00f3n de conciertos, funciones teatrales, seminarios, convenciones y espect\u00e1culos. Dispone de un escenario semicircular, cafeter\u00eda y amplias zonas de acceso.\u00a0\u00a0Metro: Lago", "img": "", "longitude": "-3.7411161249274913", "latitude": "40.41359310144815", "begin": "", "ending": "", "category": "ShowsHalls", "subcategories": "Theatres"}, {"id": "1073", "title": "Teatro Bellas Artes", "author": "DemoEM", "authorId": "1073", "description": "\u00a0\u00a0Metro: Banco de Espa\u00f1a (l\u00ednea 2).  Bus: 001, 146, 150, 5, 51, 52, 53, 9, 1, 2, 74, 002, 3, 46, 15, 20, 14, 27, 37, 45, C03.  Bicimad: Estaciones 20a (calle Alcal\u00e1, 49), 28 (calle Alcal\u00e1, 27).  Aparcamientos: Sevilla (41) (calle Sevilla con ca", "img": "", "longitude": "-3.6964190351426174", "latitude": "40.418337815969636", "begin": "", "ending": "", "category": "ShowsHalls", "subcategories": "Theatres"}, {"id": "1074", "title": "Teatro Calder\u00f3n", "author": "DemoEM", "authorId": "1074", "description": "\u00a0\u00a0Metro: Tirso de Molina (l\u00ednea 1), Sol (l\u00edneas 1, 2 y 3).  Bus: 002, M1, 26, 32, 6, 65, 50.  Cercan\u00edas Renfe: Sol (l\u00edneas C3, C4).  Bicimad: Estaci\u00f3n 34 (plaza Jacinto Benavente).  Aparcamiento: Plaza Jacinto Benavente (15).", "img": "", "longitude": "-3.703363300804268", "latitude": "40.41396242769233", "begin": "", "ending": "", "category": "ShowsHalls", "subcategories": "Theatres"}, {"id": "1075", "title": "Teatro Centro del Actor", "author": "DemoEM", "authorId": "1075", "description": "\u00a0\u00a0Metro: Carabanchel (l\u00ednea 5)  Bus: 35", "img": "", "longitude": "-3.743020950442359", "latitude": "40.38586748767665", "begin": "", "ending": "", "category": "ShowsHalls", "subcategories": "Theatres"}, {"id": "1076", "title": "Teatro Circo Price", "author": "DemoEM", "authorId": "1076", "description": "Toma su nombre del que existi\u00f3, durante casi un siglo, en el Paseo de Recoletos. A comienzos del 2000, el Ayuntamiento recuper\u00f3 el antiguo edificio industrial de una f\u00e1brica, de estilo neomud\u00e9jar, para ubicar el nuevo Teatro Circo Price que des", "img": "", "longitude": "-3.698601359753866", "latitude": "40.40596423138839", "begin": "", "ending": "", "category": "ShowsHalls", "subcategories": "Theatres"}, {"id": "1077", "title": "Teatro Cofidis Alc\u00e1zar", "author": "DemoEM", "authorId": "1077", "description": "\u00a0\u00a0Metro: Sevilla (l\u00ednea 2).  Bus: 46, 150, 5, 51, 15, 20, 53, 002, 52, M1, 146, 9, 001, 1, 2, 3, 74.  Bicimad: Estaci\u00f3n 28 (calle Alcal\u00e1 27).  Aparcamiento: Sevilla (41), calle Sevilla con calle Alcal\u00e1.", "img": "", "longitude": "-3.699048171807146", "latitude": "40.417801427758604", "begin": "", "ending": "", "category": "ShowsHalls", "subcategories": "Theatres"}, {"id": "1078", "title": "Teatro Coliseum", "author": "DemoEM", "authorId": "1078", "description": "\u00a0\u00a0Metro: Plaza de Espa\u00f1a (l\u00edneas 3 y 10), Noviciado (l\u00ednea 2).  Bus: 001, 1, 133, 2, 44, 74, 3, 46, 25, 148, 75, 39, 002.  Bicimad: Estaciones 116 a y b (plaza de Espa\u00f1a).  Aparcamientos: Plaza de Espa\u00f1a (53), plaza Montenses (50).", "img": "", "longitude": "-3.7036959273154326", "latitude": "40.422131603573256", "begin": "", "ending": "", "category": "ShowsHalls", "subcategories": "Theatres"}, {"id": "1079", "title": "Teatro de la Abad\u00eda", "author": "DemoEM", "authorId": "1079", "description": "\u00a0\u00a0Metro: Quevedo (l\u00ednea 2), Canal (l\u00ednea 2, 7) Islas Filipinas (l\u00ednea 7).  Bus: 16, 61, 2.  Bicimad: Estaciones 245 (calle Galileo, 63), 127 (calle Fernando el Cat\u00f3lico, 19).", "img": "", "longitude": "-3.709208726699302", "latitude": "40.43522406333126", "begin": "", "ending": "", "category": "ShowsHalls", "subcategories": "Theatres"}, {"id": "1080", "title": "Teatro de la Comedia. Compa\u00f1\u00eda Nacional de Teatro Cl\u00e1sico", "author": "DemoEM", "authorId": "1080", "description": "\u00a0\u00a0Metro: Sevilla (l\u00ednea 2), Sol (l\u00edneas 1, 2, y 3).  Bus: 002, M1, 15, 150, 20, 5, 53.  Cercan\u00edas Renfe: Sol (l\u00edneas C3, C4 y Regional).  Bicimad: Estaciones 52 (plaza de Santa Ana, 10), 1a y 1b (Puerta del Sol, 1).  Aparcamiento: Plaza de Sant", "img": "", "longitude": "-3.7004107649636144", "latitude": "40.41566504361928", "begin": "", "ending": "", "category": "ShowsHalls", "subcategories": "Theatres"}, {"id": "1081", "title": "Teatro de la Escuela", "author": "DemoEM", "authorId": "1081", "description": "\u00a0\u00a0Metro: Tribunal (l\u00edneas 1 y 10)  Bus: 002  Bicimad: Estaci\u00f3n 11 (calle San Andr\u00e9s, 18) / estaci\u00f3n 59 (Calle Esp\u00edritu Santo, 30)", "img": "", "longitude": "-3.7030590988558933", "latitude": "40.42628172562985", "begin": "", "ending": "", "category": "ShowsHalls", "subcategories": "Theatres"}, {"id": "1082", "title": "Teatro de la Zarzuela", "author": "DemoEM", "authorId": "1082", "description": "\u00a0\u00a0Metro: Sevilla (l\u00ednea 2).  Bus: 53, 15, 20, 150, 5, 001, 146, 51, 52, 9, 002, 1, 2, 3, 46, 74.  Bicimad: Estaci\u00f3n 28 (calle Alcal\u00e1, 27) y 29 (calle de Marqu\u00e9s de Cubas, 25).  Aparcamientos: Cortes (46), plaza de las Cortes, Sevilla (41) calle", "img": "", "longitude": "-3.6968669041846796", "latitude": "40.4171909688133", "begin": "", "ending": "", "category": "ShowsHalls", "subcategories": "Theatres"}, {"id": "1083", "title": "Teatro de las Aguas", "author": "DemoEM", "authorId": "1083", "description": "\u00a0\u00a0Metro: La latina (l\u00ednea 5)  Bus: 60, SE712  Bicimad: Estaci\u00f3n 38 (carrera de San Francisco, 1) / estaci\u00f3n 37 (plaza de San Francisco, 5)", "img": "", "longitude": "-3.7036959273154326", "latitude": "40.422131603573256", "begin": "", "ending": "", "category": "ShowsHalls", "subcategories": "Theatres"}, {"id": "1084", "title": "Teatro del Barrio", "author": "DemoEM", "authorId": "1084", "description": "\u00a0\u00a0Metro: Lavapi\u00e9s (l\u00ednea 3), Ant\u00f3n Mart\u00edn (l\u00ednea 1).  Bus: M1, 26, 32, 6.  Bicimad: Estaciones 42 (calle Santa Isabel, 32) y 53 (calle Valencia, 1).  Aparcamiento: Garaje Amparo (75) calle Amapero.", "img": "", "longitude": "-3.699123015201178", "latitude": "40.409681819217646", "begin": "", "ending": "", "category": "ShowsHalls", "subcategories": "Theatres"}, {"id": "1085", "title": "Teatro EDP Gran V\u00eda", "author": "DemoEM", "authorId": "1085", "description": "\u00a0\u00a0Metro: Santo Domingo (l\u00ednea 2), Plaza de Espa\u00f1a (l\u00edneas 3, 10).  Bus: 148, 3, 46, 75, 133, 44, 147, 001, 1, 2, 74, 25.  Bicimad: Estaci\u00f3n 16 (calle San Bernardo, 22).  Aparcamientos: Isabel la Cat\u00f3lica (98) calle Isabel la Cat\u00f3lica, Plaza Mos", "img": "", "longitude": "-3.7089562066882342", "latitude": "40.42240577324947", "begin": "", "ending": "", "category": "ShowsHalls", "subcategories": "Theatres"}, {"id": "1086", "title": "Teatro Espa\u00f1ol", "author": "DemoEM", "authorId": "1086", "description": "La historia del Teatro Espa\u00f1ol de Madrid comienza el 21 de septiembre de 1583,  momento en el que tiene lugar su primera representaci\u00f3n, y contin\u00faa hasta el d\u00eda de hoy, convirti\u00e9ndose as\u00ed en el teatro m\u00e1s antiguo del mundo en cuanto a represent", "img": "", "longitude": "-3.7001663599562105", "latitude": "40.41482868269558", "begin": "", "ending": "", "category": "ShowsHalls", "subcategories": "Theatres"}, {"id": "1087", "title": "Teatro Estudio 2 Manuel Galiana", "author": "DemoEM", "authorId": "1087", "description": "\u00a0\u00a0Metro: Embajadores (l\u00ednea 3), Acacias (l\u00ednea 5).  Bus: 148, 60, 78, 116, 118, 119, 34, 36.  Cercan\u00edas Renfe: Embajadores (l\u00ednea C5).  Bicimad: Estaci\u00f3n 47 (glorieta de Embajadores, 6).", "img": "", "longitude": "-3.7026740157487428", "latitude": "40.40321881564558", "begin": "", "ending": "", "category": "ShowsHalls", "subcategories": "Theatres"}, {"id": "1088", "title": "Teatro F\u00edgaro - Adolfo Marsillach", "author": "DemoEM", "authorId": "1088", "description": "\u00a0\u00a0Metro: Tirso de Molina (l\u00ednea 1).  Bus: 002, M1, 26, 32, 6, 65, 50.  Bicimad: Estaciones 34 (plaza de Jacinto Benavente) y 40 (plaza del Conde de Romanones, 9).  Aparcamientos: Plaza Jacinto Benavente (15), Garaje Centro (68) calle Relatores,", "img": "", "longitude": "-3.703676260061599", "latitude": "40.41345601671212", "begin": "", "ending": "", "category": "ShowsHalls", "subcategories": "Theatres"}, {"id": "1089", "title": "Teatro Infanta Isabel", "author": "DemoEM", "authorId": "1089", "description": "\u00a0\u00a0Metro: Chueca (l\u00ednea 5), Banco de Espa\u00f1a (l\u00ednea 2).  Bus: 37.  Cercan\u00edas Renfe: Recoletos (l\u00edneas C1, C2, C7 y C10).  Bicimad: Estaci\u00f3n 19 (calle Prim, 2).  Aparcamientos: Gravina 21 (89), Garaje Piamonte (96) calle Piamonte.", "img": "", "longitude": "-3.6955867306586354", "latitude": "40.42221671356561", "begin": "", "ending": "", "category": "ShowsHalls", "subcategories": "Theatres"}, {"id": "1090", "title": "Teatro Karpas", "author": "DemoEM", "authorId": "1090", "description": "\u00a0\u00a0Metro: Anton Mart\u00edn (l\u00ednea 1), Lavapies (l\u00ednea 3).  Bus: 26, 32, 6.  Bicimad: Estaci\u00f3n 42 (calle Santa Isabel, 32).", "img": "", "longitude": "-3.6977049393895824", "latitude": "40.41045615490087", "begin": "", "ending": "", "category": "ShowsHalls", "subcategories": "Theatres"}, {"id": "1091", "title": "Teatro La Belloch", "author": "DemoEM", "authorId": "1091", "description": "\u00a0\u00a0Metro: Delicias (l\u00ednea 3).  Bus: 55, 60, 62.  Cercan\u00edas Renfe: Delicias (l\u00edneas C1, C10 y Regional).  Bicimad: Estaciones 173 (paseo de la Esperanza, 59) y 171 (calle Embajadores, 101).", "img": "", "longitude": "-3.7036959273154326", "latitude": "40.422131603573256", "begin": "", "ending": "", "category": "ShowsHalls", "subcategories": "Theatres"}, {"id": "1092", "title": "Teatro La Corseter\u00eda - NTF", "author": "DemoEM", "authorId": "1092", "description": "\u00a0\u00a0Metro: Tirso de Molina (l\u00ednea 1).  Bus: 26, 32, 6, M1, 002, 50, 65.  Bicimad: Estaciones 43 (calle Lavapi\u00e9s, 34), 44 (calle Mes\u00f3n de Paredes, 35), 40 (plaza del Conde de Romanones, 9).  Aparcamiento: Garaje Centro (68) calle Relatores, 11.", "img": "", "longitude": "-3.703481650678806", "latitude": "40.411745481650485", "begin": "", "ending": "", "category": "ShowsHalls", "subcategories": "Theatres"}, {"id": "1093", "title": "Teatro La Encina", "author": "DemoEM", "authorId": "1093", "description": "\u00a0\u00a0Metro: Acacias (l\u00ednea 5), Delicias (l\u00ednea 3).  Bus: 148, 60, 78, 116, 118.  Cercan\u00edas Renfe: Embajadores (l\u00ednea C5).  Bicimad: Estaci\u00f3n 47 (glorieta de Embajadores, 6).", "img": "", "longitude": "-3.7028123300797953", "latitude": "40.402920675882314", "begin": "", "ending": "", "category": "ShowsHalls", "subcategories": "Theatres"}, {"id": "1094", "title": "Teatro la Latina", "author": "DemoEM", "authorId": "1094", "description": "\u00a0\u00a0Metro: La Latina (L\u00ednea 5).  Bus: 002, 17, 18, 23, 35, 60, M1.  Bicimad: Estaci\u00f3n 39 (plaza de la Cebada, 16).  Aparcamiento: Mercado plaza de la Cebada (501).", "img": "", "longitude": "-3.708781739576842", "latitude": "40.411397795053", "begin": "", "ending": "", "category": "ShowsHalls", "subcategories": "Theatres"}, {"id": "1095", "title": "Teatro Lagrada", "author": "DemoEM", "authorId": "1095", "description": "\u00a0\u00a0Metro: Embajadores (l\u00ednea 3), Acacias (l\u00ednea 5).  Bus: 148, 60, 78.  Cercan\u00edas Renfe: Embajadores (l\u00ednea C5).  Bicimad: Estaci\u00f3n 47 (glorieta de Embajadores, 6).", "img": "", "longitude": "-3.70289238039068", "latitude": "40.40268595360097", "begin": "", "ending": "", "category": "ShowsHalls", "subcategories": "Theatres"}, {"id": "1096", "title": "Teatro Lara", "author": "DemoEM", "authorId": "1096", "description": "\u00a0\u00a0Metro: Callao (l\u00edneas 3, 5).  Bus: 002, 001, 1, 2, 46, 74.  Bicimad: Estaci\u00f3n 17 (plaza de Carlos Carbonero, 2).  Aparcamiento: Luna-Tudescos (14), plaza Santa Mar\u00eda Soledad Torres Acosta con vuelta a calle Luna).", "img": "", "longitude": "-3.7044498348290293", "latitude": "40.42208196713365", "begin": "", "ending": "", "category": "ShowsHalls", "subcategories": "Theatres"}, {"id": "1097", "title": "Teatro Lope de Vega", "author": "DemoEM", "authorId": "1097", "description": "\u00a0\u00a0Metro: Santo Domingo (l\u00ednea 2), Plaza de Espa\u00f1a (l\u00ednea 3 y 10), Callao (l\u00edneas 3 y 5).  Bus: 147, 133, 3, 001, 1, 148, 2, 44, 46, 74, 75.  Bicimad: Estaci\u00f3n 16 (calle San Bernardo, 22).  Aparcamiento: Isabel la Cat\u00f3lica (98) calle de Isabel l", "img": "", "longitude": "-3.7088800933302783", "latitude": "40.42189272510087", "begin": "", "ending": "", "category": "ShowsHalls", "subcategories": "Theatres"}, {"id": "1098", "title": "Teatro Maravillas", "author": "DemoEM", "authorId": "1098", "description": "\u00a0\u00a0Metro: Bilbao (l\u00edneas 1, 4).  Bus: 147, 21, C03, 149, 3, 37, 40.  Bicimad: Estaci\u00f3n 4 (calle Manuela malasa\u00f1a, 5) y 5 (calle Fuencarral, 108).  Aparcamiento: Fuencarral (27), calle Fuencarral, 111 (entre 111 y 121).", "img": "", "longitude": "-3.703103946758172", "latitude": "40.428675760717795", "begin": "", "ending": "", "category": "ShowsHalls", "subcategories": "Theatres"}, {"id": "1099", "title": "Teatro Mar\u00eda Guerrero.", "author": "DemoEM", "authorId": "1099", "description": "\u00a0\u00a0Metro: Col\u00f3n (l\u00ednea 4), Banco de Espa\u00f1a (l\u00ednea 2), Chueca (l\u00ednea 5).  Bus: 37, 14, 150, 27, 45, 5, 53, C03.  Cercan\u00edas Renfe: Recoletos (l\u00edneas C1, C2, C7, C10 y Regional).  Bicimad: Estaci\u00f3n  26 (plaza de las Salesas, 7).  Aparcamiento: Gara", "img": "", "longitude": "-3.693071021887218", "latitude": "40.42288948179915", "begin": "", "ending": "", "category": "ShowsHalls", "subcategories": "Theatres"}, {"id": "1100", "title": "Teatro Marquina", "author": "DemoEM", "authorId": "1100", "description": "\u00a0\u00a0Metro: Banco de Espa\u00f1a (l\u00ednea 2), Chueca (l\u00ednea 5), Col\u00f3n (l\u00ednea 4).  Bus: 37, 14, 150, 27, 45, 5, 53, C03, 001, 1, 146, 15, 2, 20, 203, 51, 52, 74, 9.  Cercan\u00edas Renfe: Recoletos (l\u00edneas C1, C2, C7, C10, Regional).  Bicimad: Estaci\u00f3n 19 (cal", "img": "", "longitude": "-3.6937451531542638", "latitude": "40.42195750772574", "begin": "", "ending": "", "category": "ShowsHalls", "subcategories": "Theatres"}, {"id": "1101", "title": "Teatro Monumental", "author": "DemoEM", "authorId": "1101", "description": "\u00a0\u00a0Metro: Ant\u00f3n Mart\u00edn (l\u00ednea 1).  B\u00fas: 26, 32, 6, 002, M1.  Bicimad: Estaci\u00f3n 41 (calle Atocha, 54).", "img": "", "longitude": "-3.699161734460963", "latitude": "40.41248873703834", "begin": "", "ending": "", "category": "ShowsHalls", "subcategories": "Theatres"}, {"id": "1102", "title": "Teatro Municipal de T\u00edteres. Parque de El Retiro", "author": "DemoEM", "authorId": "1102", "description": "Dentro del parque de El Retiro, muy cerca de la entrada desde la plaza de la Independencia, donde se encuentra la Puerta de Alcal\u00e1, est\u00e1 el Teatro de T\u00edteres, toda una instituci\u00f3n para el p\u00fablico infantil madrile\u00f1o.  Este teatro permanente ofre", "img": "", "longitude": "-3.6866519471003647", "latitude": "40.41878362561595", "begin": "", "ending": "", "category": "ShowsHalls", "subcategories": "Theatres"}, {"id": "1103", "title": "Teatro Municipal de Vallecas", "author": "DemoEM", "authorId": "1103", "description": "Para la construcci\u00f3n del teatro se ha remodelado el antiguo sal\u00f3n de actos de la Biblioteca Gerardo Diego. Cuenta con cien butacas y se especializa en la programaci\u00f3n de teatro y de cine. Alberga la escuela de teatro de Vallecas, cuyo inicio es", "img": "", "longitude": "-3.6229095774784765", "latitude": "40.37762362093048", "begin": "", "ending": "", "category": "ShowsHalls", "subcategories": "Theatres"}, {"id": "1104", "title": "Teatro Mu\u00f1oz Seca", "author": "DemoEM", "authorId": "1104", "description": "\u00a0\u00a0Metro: Sol (l\u00edneas 1, 2 y 3), Gran V\u00eda (l\u00edneas 1 y 5), Sevilla (l\u00ednea 2).  Bus: 002.  Cercan\u00edas Renfe: Sol (l\u00edneas C3, C4 y Regional).  Bicimad: Estaci\u00f3n 56 (plaza del Carmen, 1).  Aparcamiento: Plaza del Carmen (8).", "img": "", "longitude": "-3.7032798991593827", "latitude": "40.41840439358014", "begin": "", "ending": "", "category": "ShowsHalls", "subcategories": "Theatres"}, {"id": "1105", "title": "Teatro Nuev9 Norte", "author": "DemoEM", "authorId": "1105", "description": "\u00a0\u00a0Metro: Noviciado (l\u00ednea 2).  Bus: 002, 147, 3.  Bicimad: Estaci\u00f3n 15 (calle San Vicente Ferrer, 64).", "img": "", "longitude": "-3.70761486653819", "latitude": "40.4260176028424", "begin": "", "ending": "", "category": "ShowsHalls", "subcategories": "Theatres"}, {"id": "1106", "title": "Teatro Nuevo Apolo", "author": "DemoEM", "authorId": "1106", "description": "\u00a0\u00a0Metro: Tirso de Molina (l\u00ednea 1).  Bus: 26, 32, 6, M1, 002, 50, 65.  Bicimad: Estaci\u00f3n 40 (plaza del Conde de Romanones, 9).  Aparcamiento: Garaje Centro (68), calle Relatores, 11.", "img": "", "longitude": "-3.703369987899476", "latitude": "40.41234075831118", "begin": "", "ending": "", "category": "ShowsHalls", "subcategories": "Theatres"}, {"id": "1107", "title": "Teatro Pradillo", "author": "DemoEM", "authorId": "1107", "description": "\u00a0\u00a0Metro: Concha Espina (l\u00ednea 9).  Bus: 16, 29, 52.", "img": "", "longitude": "-3.6747261219408607", "latitude": "40.44856560554628", "begin": "", "ending": "", "category": "ShowsHalls", "subcategories": "Theatres"}, {"id": "1108", "title": "Teatro Pr\u00edncipe Gran V\u00eda", "author": "DemoEM", "authorId": "1108", "description": "\u00a0\u00a0Metro: Gran V\u00eda (l\u00edneas 1, 5).  Bus: 002, 001, 1, 2, 46, 74, 3.  Bicimad: Estaci\u00f3n 210 (Tres Cruces, 7).  Aparcamiento: plaza del Carmen (8).", "img": "", "longitude": "-3.702760005318704", "latitude": "40.41941656735497", "begin": "", "ending": "", "category": "ShowsHalls", "subcategories": "Theatres"}, {"id": "1109", "title": "Teatro Quique San Francisco", "author": "DemoEM", "authorId": "1109", "description": "\u00a0\u00a0Metro: Quevedo (l\u00ednea 2).  Bus: 2, 16, 61.  Bicimad: Estaci\u00f3n 127 (calle Fernando el Cat\u00f3lico, 19).", "img": "", "longitude": "-3.7104543597957758", "latitude": "40.43371190964793", "begin": "", "ending": "", "category": "ShowsHalls", "subcategories": "Theatres"}, {"id": "1110", "title": "Teatro Reina Victoria", "author": "DemoEM", "authorId": "1110", "description": "\u00a0\u00a0Metro: Sol (l\u00edneas 1, 2 y 3), Sevilla (l\u00ednea 2).  Bus:002, M1, 15, 150, 20, 5, 53, 46, 51.  Cercan\u00edas Renfe: Sol (l\u00edneas C3, C4 y Regional).  Bicimad: Estaciones 1a y 1b (Puerta del Sol, 1), 28 (calle Alcal\u00e1, 27).  Aparcamiento: Sevilla (41),", "img": "", "longitude": "-3.699818451104129", "latitude": "40.41651548060074", "begin": "", "ending": "", "category": "ShowsHalls", "subcategories": "Theatres"}, {"id": "1111", "title": "Teatro Rialto", "author": "DemoEM", "authorId": "1111", "description": "\u00a0\u00a0Metro: Santo Domingo (l\u00ednea 2), Callao (l\u00edneas 3 y 5).  Bus: 001, 1, 133, 147, 148, 2, 44, 46, 74, 75, 3.  Bicimad: Estaciones 23 (plaza de Santo Domingo, 1), 2 (calle Miguel Moya, 1), 22 (calle Jacometrezo, 3), 16 (San Bernardo, 22).  Aparca", "img": "", "longitude": "-3.707377753413243", "latitude": "40.42138841205714", "begin": "", "ending": "", "category": "ShowsHalls", "subcategories": "Theatres"}, {"id": "1112", "title": "Teatro Sala Cuarta Pared", "author": "DemoEM", "authorId": "1112", "description": "\u00a0\u00a0Metro: Embajadores (l\u00ednea 3), Acacias (l\u00ednea 5).  Bus: 148, 60, 78, 116, 118.  Cercan\u00edas Renfe: Embajadores (l\u00ednea C5).  Bicimad: Estaci\u00f3n 47 (glorieta de Embajadores, 6).", "img": "", "longitude": "-3.7027165608127723", "latitude": "40.402777112937486", "begin": "", "ending": "", "category": "ShowsHalls", "subcategories": "Theatres"}, {"id": "1113", "title": "Teatro Sala Mirador", "author": "DemoEM", "authorId": "1113", "description": "\u00a0\u00a0Metro: Lavapi\u00e9s (L\u00ednea 3), Embajadores (l\u00ednea 3).  Bus: 119, 27, 34, 36, 41, C03, C1, C2, M1.  Cercan\u00edas Renfe: Embajadores (l\u00ednea C5).  Bicimad: Estaci\u00f3n 49 (ronda de Atocha, 34).", "img": "", "longitude": "-3.6988988076525446", "latitude": "40.40706813699774", "begin": "", "ending": "", "category": "ShowsHalls", "subcategories": "Theatres"}, {"id": "1114", "title": "Teatro Sanpol", "author": "DemoEM", "authorId": "1114", "description": "\u00a0\u00a0Metro: Pr\u00edncipe P\u00edo (L\u00edneas 6, 10, Ramal).  Bus: 41, 75, 46.  Renfe: Pr\u00edncipe P\u00edo (l\u00edneas C1, C7, C10 y Regional).  Bicimad: Estaci\u00f3n 161 (paseo de la Florida, 8).", "img": "", "longitude": "-3.7265957347882104", "latitude": "40.4239449097705", "begin": "", "ending": "", "category": "ShowsHalls", "subcategories": "Theatres"}, {"id": "1115", "title": "Teatro Tarambana", "author": "DemoEM", "authorId": "1115", "description": "\u00a0\u00a0Metro: Carabanchel (l\u00ednea 5).  Bus: 35.", "img": "", "longitude": "-3.7432218183125814", "latitude": "40.38580301942374", "begin": "", "ending": "", "category": "ShowsHalls", "subcategories": "Theatres"}, {"id": "1116", "title": "Teatro Tribue\u00f1e", "author": "DemoEM", "authorId": "1116", "description": "\u00a0\u00a0Metro: Ventas (l\u00edneas 2, 5), Manuel Becerra (l\u00edneas 2 y 6).  Bus: 12.  Bicimad: Estaci\u00f3n 185 (Sancho D\u00e1vila esquina Paseo Marqu\u00e9s de Zafra).", "img": "", "longitude": "-3.6615996399032054", "latitude": "40.425569368259886", "begin": "", "ending": "", "category": "ShowsHalls", "subcategories": "Theatres"}, {"id": "1117", "title": "Teatro Valle Incl\u00e1n. Centro Dr\u00e1matico Nacional", "author": "DemoEM", "authorId": "1117", "description": "\u00a0\u00a0Metro: Lavapi\u00e9s (l\u00ednea 3).  Bus: M1.  Bicimad: Estaci\u00f3n 53 (calle de Valencia, 1).  Aparcamiento: Garaje calle Amparo (75).", "img": "", "longitude": "-3.7004845788684912", "latitude": "40.40800690285846", "begin": "", "ending": "", "category": "ShowsHalls", "subcategories": "Theatres"}, {"id": "1118", "title": "Teatro Victoria", "author": "DemoEM", "authorId": "1118", "description": "\u00a0\u00a0Metro: Noviciado (l\u00ednea 2).  Bus: 002.  Bicimad: Estaciones 16 (calle San Bernardo, 22) y 17 (plaza de Carlos Carbonero, 2).", "img": "", "longitude": "-3.705611071847053", "latitude": "40.42378660181596", "begin": "", "ending": "", "category": "ShowsHalls", "subcategories": "Theatres"}, {"id": "1119", "title": "Teatros del Canal", "author": "DemoEM", "authorId": "1119", "description": "Descripci\u00f3n monumental: Arquitecto Juan Navarro Baldeweg. Inaugurado oficialmente el 20 de febrero de 2009.\u00a0Venta de localidades:     Internet:  A trav\u00e9s de cada uno de los espect\u00e1culos en la web.  Taquillas.    Descuentos habituales: mayores d", "img": "", "longitude": "-3.705057921443053", "latitude": "40.43854675141601", "begin": "", "ending": "", "category": "ShowsHalls", "subcategories": "Theatres"}, {"id": "1120", "title": "Teatros Luchana", "author": "DemoEM", "authorId": "1120", "description": "\u00a0\u00a0Metro: Iglesia (l\u00ednea 1), Bilbao (l\u00ednea 1 y 4), Alonso Mart\u00ednez( l\u00ednea 4, 5 y 10), Quevedo (l\u00ednea 2).  Bus: 147, 40, 3, 37.  Bicimad: Estaci\u00f3n 124 (calle Manuel Silvela, 20).  Aparcamiento: Plaza de Olavide (52).", "img": "", "longitude": "-3.698186306223295", "latitude": "40.43193980366074", "begin": "", "ending": "", "category": "ShowsHalls", "subcategories": "Theatres"}, {"id": "1121", "title": "Teatro. Arte &amp, Desmayo", "author": "DemoEM", "authorId": "1121", "description": "\u00a0\u00a0Metro: Marques de Vadillo (L\u00ednea 5).  Bus: 116.", "img": "", "longitude": "-3.7135685613542195", "latitude": "40.394818706807854", "begin": "", "ending": "", "category": "ShowsHalls", "subcategories": "Theatres"}, {"id": "1122", "title": "Teatro. Artespacio Plot Point", "author": "DemoEM", "authorId": "1122", "description": "\u00a0\u00a0Metro: Embajadores (l\u00ednea 3), Acacias (l\u00ednea 5).  Autobuses: 148, 60, 78.  Cercan\u00edas Renfe: Embajadores (l\u00ednea C5).  Bicimad: Estaci\u00f3n 170 (paseo de la Esperanza, 21).", "img": "", "longitude": "-3.7020477784084793", "latitude": "40.40192531437177", "begin": "", "ending": "", "category": "ShowsHalls", "subcategories": "Theatres"}, {"id": "1123", "title": "Teatro. Bulul\u00fa 2120", "author": "DemoEM", "authorId": "1123", "description": "\u00a0\u00a0Metro: Palos de la Frontera (l\u00ednea 3), Delicias (l\u00ednea 3).  Bus: 19, 247, 45, 47, 8, 86, 55, 6, 59, 85.  Cercan\u00edas Renfe: Delicias (L\u00edneas C1, C10 y Regional).  Bicimad: Estaciones 121 (paseo de Santa Mar\u00eda de la Cabeza, 58), 120 (calle Palos", "img": "", "longitude": "-3.6965212526388838", "latitude": "40.401958738062355", "begin": "", "ending": "", "category": "ShowsHalls", "subcategories": "Theatres"}, {"id": "1124", "title": "Teatro. M\u00ednima espacio esc\u00e9nico", "author": "DemoEM", "authorId": "1124", "description": "\u00a0\u00a0Metro: Embajadores (l\u00ednea 3), Lavapies (l\u00ednea 3)  Bus: 119, 27, 34, 36, 41, C03, C1, C2  Cercan\u00edas Renfe: Embajadores (l\u00ednea C5)  Bicimad: Estaci\u00f3n 49 (ronda de Atocha, 34)", "img": "", "longitude": "-3.698011525994152", "latitude": "40.40704888094098", "begin": "", "ending": "", "category": "ShowsHalls", "subcategories": "Theatres"}, {"id": "1125", "title": "Teseo Teatro", "author": "DemoEM", "authorId": "1125", "description": "\u00a0\u00a0Metro: Puerta de Toledo (l\u00ednea 5).  Bus: 148, 3, C2, C1, 41.  Bicimad: Estaci\u00f3n 236 (paseo Imperial, 20).  Aparcamiento: Parking VOT (97), Ventosa.", "img": "", "longitude": "-3.7159050283874873", "latitude": "40.408489029770145", "begin": "", "ending": "", "category": "ShowsHalls", "subcategories": "Theatres"}, {"id": "1126", "title": "Theatre for the people", "author": "DemoEM", "authorId": "1126", "description": "\u00a0\u00a0Metro: Noviciado (l\u00ednea 2), Chueca (l\u00ednea 5), Tribunal (l\u00edneas 1 y 10), Callao (l\u00ednea 3 y 5), Gran V\u00eda (l\u00edneas 1 y 5).  Bus: 002.  Bicimad: Estaci\u00f3n 17 (plaza de Carlos Carbonero, 2).  Aparcamiento: Luna-Tudescos (14) plaza Santa Mar\u00eda Soleda", "img": "", "longitude": "-3.703883251330829", "latitude": "40.42313947499592", "begin": "", "ending": "", "category": "ShowsHalls", "subcategories": "Theatres"}, {"id": "1127", "title": "Auditorio al aire libre Berl\u00edn", "author": "DemoEM", "authorId": "1127", "description": "Su mantenimiento es competencia de la Junta de Distrito de Chamart\u00edn.  Actividades: espect\u00e1culos variados durante los meses de verano.\u00a0\u00a0Metro: Concha Espina (l\u00ednea 9).  Bus: 16, 29, 52.  Bicimad: Estaci\u00f3n 197 (avenida de Concha Espina, 34).  Ap", "img": "", "longitude": "-3.6755539136331894", "latitude": "40.449208447370104", "begin": "", "ending": "", "category": "ShowsHalls", "subcategories": "Auditoriums/ConcertHalls"}, {"id": "1128", "title": "Auditorio al aire libre. Carlos Jim\u00e9nez de Parga", "author": "DemoEM", "authorId": "1128", "description": "Su mantenimiento es competencia de la Junta de Distrito de Puente de Vallecas.  Actividades: espect\u00e1culos variados durante los meses de verano. Espacio abierto, acceso directo sin vallado.\u00a0\u00a0Metro: Miguel Hern\u00e1ndez (l\u00ednea 1).  Bus: 144, 54.", "img": "", "longitude": "-3.6382516529937448", "latitude": "40.389925582492495", "begin": "", "ending": "", "category": "ShowsHalls", "subcategories": "Auditoriums/ConcertHalls"}, {"id": "1129", "title": "Auditorio al aire libre. Centro Cultural el Pozo", "author": "DemoEM", "authorId": "1129", "description": "Su mantenimiento es competencia de la Junta de Puente de Vallecas.  Actividades: espect\u00e1culos variados durante los meses de verano. Espacio con vallado perimetral y puerta de acceso.\u00a0\u00a0Bus: 102, 24.  Cercan\u00edas Renfe: El Pozo (l\u00edneas C2 y C7).", "img": "", "longitude": "-3.6607580022990196", "latitude": "40.372060226614956", "begin": "", "ending": "", "category": "ShowsHalls", "subcategories": "Auditoriums/ConcertHalls"}, {"id": "1130", "title": "Auditorio al aire libre. Entrev\u00edas", "author": "DemoEM", "authorId": "1130", "description": "Su mantenimiento es competencia de la Junta de Puente de Vallecas.  Actividades: espect\u00e1culos variados durante los meses de verano. Espacio con vallado perimetral y puerta de acceso.\u00a0\u00a0Bus: 111, 102.", "img": "", "longitude": "-3.671950235640722", "latitude": "40.37302468875877", "begin": "", "ending": "", "category": "ShowsHalls", "subcategories": "Auditoriums/ConcertHalls"}, {"id": "1131", "title": "Auditorio al aire libre. Parque Aluche", "author": "DemoEM", "authorId": "1131", "description": "Su mantenimiento es competencia de la Junta de Distrito de Latina.  Actividades: espect\u00e1culos variados durante los meses de verano.\u00a0\u00a0Metro: Aluche (l\u00ednea 5).   Bus: 121, 25.   Cercan\u00edas RENFE: Aluche (l\u00ednea C5).", "img": "", "longitude": "-3.7593572957930554", "latitude": "40.392680212409495", "begin": "", "ending": "", "category": "ShowsHalls", "subcategories": "Auditoriums/ConcertHalls"}, {"id": "1132", "title": "Auditorio al aire libre. Parque Am\u00f3s Acero", "author": "DemoEM", "authorId": "1132", "description": "Su mantenimiento es competencia de la Junta de Distrito de Puente de Vallecas.  Actividades: Espect\u00e1culos variados durante los meses de verano. Espacio abierto, acceso directo sin vallado.\u00a0\u00a0Bus: 24, 103, 111, 57, 144.", "img": "", "longitude": "-3.6661371810507912", "latitude": "40.38840792931046", "begin": "", "ending": "", "category": "ShowsHalls", "subcategories": "Auditoriums/ConcertHalls"}, {"id": "1133", "title": "Auditorio al aire libre. Parque Cerro Almod\u00f3var", "author": "DemoEM", "authorId": "1133", "description": "Su mantenimiento es competencia de la Junta de Distrito de Latina.  Actividades: espect\u00e1culos variados durante los meses de verano.\u00a0\u00a0Metro: Carpetana (l\u00ednea 6).  Bus: L\u00edneas EMT 17, 25 y 500.", "img": "", "longitude": "-3.744692836307442", "latitude": "40.39420802732146", "begin": "", "ending": "", "category": "ShowsHalls", "subcategories": "Auditoriums/ConcertHalls"}, {"id": "1134", "title": "Auditorio al aire libre. Parque de Canillejas", "author": "DemoEM", "authorId": "1134", "description": "Su mantenimiento es competencia de la Junta de Distrito de San Blas - Canillejas.  Actividades: espect\u00e1culos variados durante los meses de verano.\u00a0\u00a0Metro: Torre Arias (l\u00ednea 5).  Bus: 28, 48, N5.", "img": "", "longitude": "-3.6111693057729117", "latitude": "40.44260378345522", "begin": "", "ending": "", "category": "ShowsHalls", "subcategories": "Auditoriums/ConcertHalls"}, {"id": "1135", "title": "Auditorio al aire libre. Parque de la Cu\u00f1a Verde", "author": "DemoEM", "authorId": "1135", "description": "Actividades: cine de verano y espect\u00e1culos musicales.\u00a0\u00a0Bus: 140, E4.", "img": "", "longitude": "-3.6325060663892805", "latitude": "40.41122222440268", "begin": "", "ending": "", "category": "ShowsHalls", "subcategories": "Auditoriums/ConcertHalls"}, {"id": "1136", "title": "Auditorio al aire libre. Parque de la Vaguada", "author": "DemoEM", "authorId": "1136", "description": "\u00a0Mantenimiento:\u00c1rea de Gobierno de Medio Ambiente y Movilidad\u00a0Metro: Pe\u00f1a Grande (l\u00ednea 7), Barrio del Pilar (l\u00ednea 9) Bus: 49 , 67 , 83 , 124 , 128 , 132 , 133 , 137", "img": "", "longitude": "-3.7112978051427574", "latitude": "40.48016602497203", "begin": "", "ending": "", "category": "ShowsHalls", "subcategories": "Auditoriums/ConcertHalls"}, {"id": "1137", "title": "Auditorio al aire libre. Parque de las Cruces", "author": "DemoEM", "authorId": "1137", "description": "Su mantenimiento es competencia de la Junta de Distrito de Latina. Est\u00e1 situado junto al estanque del Parque.  Actividades: espect\u00e1culos variados durante los meses de verano.\u00a0\u00a0Metro: Aluche (l\u00ednea 5). Bus: 47, 118, 121, 131, 155. Cercan\u00edas: Alu", "img": "", "longitude": "-3.759489504920487", "latitude": "40.383472075956185", "begin": "", "ending": "", "category": "ShowsHalls", "subcategories": "Auditoriums/ConcertHalls"}, {"id": "1138", "title": "Auditorio al aire libre. Parque de Olof Palme", "author": "DemoEM", "authorId": "1138", "description": "Su mantenimiento es competencia de Medioambiente (Parques y Jardines).  Actividades: espect\u00e1culos variados durante los meses de verano.\u00a0\u00a0Metro: Plaza El\u00edptica (l\u00edneas 6, 11).  Bus: 247, 47, 60, 81.", "img": "", "longitude": "-3.712460441100476", "latitude": "40.384708341415276", "begin": "", "ending": "", "category": "ShowsHalls", "subcategories": "Auditoriums/ConcertHalls"}, {"id": "1139", "title": "Auditorio al aire libre. Parque de Pradolongo", "author": "DemoEM", "authorId": "1139", "description": "Su mantenimiento es competencia de Medioambiente. (Parques y Jardines).  Actividades: espect\u00e1culos variados durante los meses de verano.\u00a0\u00a0Cercan\u00edas Renfe: Orcasitas (l\u00ednea C5).   Bus: 121.", "img": "", "longitude": "-3.7067784594450583", "latitude": "40.3719863231287", "begin": "", "ending": "", "category": "ShowsHalls", "subcategories": "Auditoriums/ConcertHalls"}, {"id": "1140", "title": "Auditorio al aire libre. Parque del Calero", "author": "DemoEM", "authorId": "1140", "description": "\u00a0Mantenimiento: Dependiente de la Junta Municipal de Distrito de Ciudad Lineal.\u00a0Metro: Quintana (l\u00ednea 5), Barrio de la Concepci\u00f3n (l\u00ednea 7).  Bus: 21, 146, 48.  Bicimad: Estaci\u00f3n 229 (calle Jos\u00e9 del Hierro, 5).", "img": "", "longitude": "-3.6504096146979457", "latitude": "40.43629956289038", "begin": "", "ending": "", "category": "ShowsHalls", "subcategories": "Auditoriums/ConcertHalls"}, {"id": "1141", "title": "Auditorio al aire libre. Parque Enrique Tierno Galv\u00e1n", "author": "DemoEM", "authorId": "1141", "description": "Su mantenimiento es competencia de la Junta de Distrito de Arganzuela.  Actividades: espect\u00e1culos variados durante los meses de verano.\u00a0\u00a0Metro: Arganzuela-Planetario (l\u00ednea 6).  Bus: 148, 156.", "img": "", "longitude": "-3.685391155439898", "latitude": "40.390944081814816", "begin": "", "ending": "", "category": "ShowsHalls", "subcategories": "Auditoriums/ConcertHalls"}, {"id": "1142", "title": "Auditorio al aire libre. Parque Lineal del Manzanares", "author": "DemoEM", "authorId": "1142", "description": "Su mantenimiento es competencia de Medioambiente (Parques y Jardines).  Actividades: espect\u00e1culos variados durante los meses de verano.\u00a0\u00a0Metro: Hospital 12 de Octubre (l\u00ednea 3).  Bus: 123, 23, 78.  Cercan\u00edas Renfe: Doce de Octubre (l\u00ednea C5).", "img": "", "longitude": "-3.6914252404682903", "latitude": "40.379565707685856", "begin": "", "ending": "", "category": "ShowsHalls", "subcategories": "Auditoriums/ConcertHalls"}, {"id": "1143", "title": "Auditorio al aire libre. Pavones", "author": "DemoEM", "authorId": "1143", "description": "Su mantenimiento es competencia de la Junta de Distrito de Moratalaz.  Actividades: espect\u00e1culos variados durante los meses de verano.\u00a0\u00a0Metro: Pavones (l\u00ednea 9).  Bus: 71, 100, 140, 142, 144, E4, 30, 20.  Bicimad: Estaci\u00f3n 221 (calle Hacienda d", "img": "", "longitude": "-3.6370875655785446", "latitude": "40.40142760716397", "begin": "", "ending": "", "category": "ShowsHalls", "subcategories": "Auditoriums/ConcertHalls"}, {"id": "1144", "title": "Auditorio al aire libre. Pilar Garc\u00eda Pe\u00f1a (Parque Pinar del Rey)", "author": "DemoEM", "authorId": "1144", "description": "Su mantenimiento es competencia de la Junta de Distrito de Hortaleza.  Actividades: espect\u00e1culos variados durante los meses de verano.\u00a0\u00a0Bus: 73, 72, 9.", "img": "", "longitude": "-3.65636755952747", "latitude": "40.46335596968574", "begin": "", "ending": "", "category": "ShowsHalls", "subcategories": "Auditoriums/ConcertHalls"}, {"id": "1145", "title": "Auditorio al aire libre. Plaza de Ermua", "author": "DemoEM", "authorId": "1145", "description": "Su mantenimiento es competencia de Medioambiente (Parques y Jardines).  Actividades: espect\u00e1culos variados durante los meses de verano.\u00a0\u00a0Bus: 6, 60.", "img": "", "longitude": "-3.7158701313563736", "latitude": "40.37181328202843", "begin": "", "ending": "", "category": "ShowsHalls", "subcategories": "Auditoriums/ConcertHalls"}, {"id": "1146", "title": "Auditorio al aire libre. Templete de M\u00fasica - Parque del Oeste", "author": "DemoEM", "authorId": "1146", "description": "Su mantenimiento es competencia de la Junta de Distrito de Moncloa-Aravaca.  Actividades: espect\u00e1culos variados durante los meses de verano.\u00a0\u00a0Metro: Pr\u00edncipe P\u00edo (L\u00edneas 6, 10 y Ramal) y Plaza de Espa\u00f1a (l\u00edneas 3 y 10).  Bus: 62, 74.  Cercan\u00edas", "img": "", "longitude": "-3.719327791504915", "latitude": "40.424449819646256", "begin": "", "ending": "", "category": "ShowsHalls", "subcategories": "Auditoriums/ConcertHalls"}, {"id": "1147", "title": "Auditorio al aire libre. Templete. Plaza de la Remonta", "author": "DemoEM", "authorId": "1147", "description": "Su mantenimiento es competencia de la Junta de Distrito de Tetu\u00e1n.  Actividades: espect\u00e1culos variados durante los meses de verano.\u00a0\u00a0Metro: Valdeacederas (l\u00ednea 1).  Bus: 124, 66, 49.  Bicimad: Estaci\u00f3n 207 (calle Azucenas, 1).", "img": "", "longitude": "-3.6976570794379433", "latitude": "40.463997008119094", "begin": "", "ending": "", "category": "ShowsHalls", "subcategories": "Auditoriums/ConcertHalls"}, {"id": "1148", "title": "Auditorio Carmen Laforet (Ciudad Lineal)", "author": "DemoEM", "authorId": "1148", "description": "Ubicado en el Centro de Mayores Carmen Laforet\u00a0\u00a0Metro: Pinar de Chamart\u00edn (l\u00edneas 1, 4 y l\u00ednea 1 metro ligero)  Bus: 29, 125, 129, 150", "img": "", "longitude": "-3.665799020694628", "latitude": "40.47960826297022", "begin": "", "ending": "", "category": "ShowsHalls", "subcategories": "Auditoriums/ConcertHalls"}, {"id": "1149", "title": "Auditorio de la Plaza de Chamber\u00ed - Templete", "author": "DemoEM", "authorId": "1149", "description": "Su mantenimiento es competencia de la Junta Municipal de Chamber\u00ed.  Actividades: espect\u00e1culos variados durante los meses de primavera, verano y oto\u00f1o.\u00a0\u00a0Metro: Iglesia (l\u00ednea 1).  Bus: 147, 40, 3.  Bicimad: Estaci\u00f3n 124 (calle Manuel Silvela, 20", "img": "", "longitude": "-3.697557153998127", "latitude": "40.43266432328108", "begin": "", "ending": "", "category": "ShowsHalls", "subcategories": "Auditoriums/ConcertHalls"}, {"id": "1150", "title": "Auditorio Municipal al aire libre Lola Camarena", "author": "DemoEM", "authorId": "1150", "description": "Su mantenimiento es competencia de la Junta de Distrito de Villa de Vallecas.  Actividades: espect\u00e1culos variados durante todo el a\u00f1o.\u00a0\u00a0Metro: La Gavia (l\u00ednea 1).  Bus: 145.", "img": "", "longitude": "-3.6101291550314283", "latitude": "40.37447621683769", "begin": "", "ending": "", "category": "ShowsHalls", "subcategories": "Auditoriums/ConcertHalls"}, {"id": "1151", "title": "Auditorio Municipal el Espinillo", "author": "DemoEM", "authorId": "1151", "description": "\u00a0\u00a0Bus: 22 , 59 , 85 , 79 , 123", "img": "", "longitude": "-3.6927748531714824", "latitude": "40.36180966975026", "begin": "", "ending": "", "category": "ShowsHalls", "subcategories": "Auditoriums/ConcertHalls"}, {"id": "1152", "title": "Auditorio Municipal Las Trece Rosas", "author": "DemoEM", "authorId": "1152", "description": "Su mantenimiento es competencia de la Junta de Distrito de Villa de Vallecas.  Actividades: espect\u00e1culos variados durante todo el a\u00f1o.\u00a0\u00a0Metro: Villa de Vallecas (l\u00ednea 1).  Bus: 54, 58, 103, 142 y 143.  Cercan\u00edas Renfe: Vallecas (l\u00edneas C2 y C7", "img": "", "longitude": "-3.617532420014534", "latitude": "40.38024517813902", "begin": "", "ending": "", "category": "ShowsHalls", "subcategories": "Auditoriums/ConcertHalls"}, {"id": "1153", "title": "Auditorio Nacional de M\u00fasica", "author": "DemoEM", "authorId": "1153", "description": "Organismo dependiente del Instituto Nacional de las Artes Esc\u00e9nicas y de la M\u00fasica (Ministerio de Cultura y Deporte). Obra del arquitecto Jos\u00e9 Mar\u00eda Garc\u00eda de Paredes, fue inaugurado el 21 de octubre de 1988 y su construcci\u00f3n fue programada den", "img": "", "longitude": "-3.6779448874160314", "latitude": "40.44615938706209", "begin": "", "ending": "", "category": "ShowsHalls", "subcategories": "Auditoriums/ConcertHalls"}, {"id": "1154", "title": "Auditorio Parque de la Cu\u00f1a Verde de Vic\u00e1lvaro", "author": "DemoEM", "authorId": "1154", "description": "\u00a0\u00a0Bus: 4, E3, E5.", "img": "", "longitude": "-3.613590118065351", "latitude": "40.409266465742476", "begin": "", "ending": "", "category": "ShowsHalls", "subcategories": "Auditoriums/ConcertHalls"}, {"id": "1155", "title": "Caf\u00e9 Central", "author": "DemoEM", "authorId": "1155", "description": "\u00a0\u00a0Metro: Ant\u00f3n Mart\u00edn (l\u00ednea 1), Sol (l\u00edneas 1, 2 y 3).  Bus: 002, M1, SE712, 26, 32, 6, 65.  Cercan\u00edas Renfe: Sol (l\u00edneas C3, C4 y Regional).  Bicimad: Estaci\u00f3n 34 (Plaza Jacinto Benavente) / Estaci\u00f3n 52 (Plaza Santa Ana, 10)  Aparcamiento: Pl", "img": "", "longitude": "-3.701904023779484", "latitude": "40.414178504157086", "begin": "", "ending": "", "category": "ShowsHalls", "subcategories": "Auditoriums/ConcertHalls"}, {"id": "1156", "title": "Caf\u00e9 La Palma", "author": "DemoEM", "authorId": "1156", "description": "\u00a0\u00a0Metro: Noviciado (l\u00ednea 2)  Bus: 002, 147, 3  Bicimad: Estaci\u00f3n 15 (calle San Vicente Ferrer, 64)", "img": "", "longitude": "-3.708094409489715", "latitude": "40.42678043394236", "begin": "", "ending": "", "category": "ShowsHalls", "subcategories": "Auditoriums/ConcertHalls"}, {"id": "1157", "title": "Centro Cultural Auditorio Parque El Para\u00edso (San Blas - Canillejas)", "author": "DemoEM", "authorId": "1157", "description": "\u00a0\u00a0Metro: Simancas (l\u00ednea 7).  Bus: 109, 38.", "img": "", "longitude": "-3.622184001035289", "latitude": "40.42996840999023", "begin": "", "ending": "", "category": "ShowsHalls", "subcategories": "Auditoriums/ConcertHalls"}, {"id": "1158", "title": "Centro Musical Joaqu\u00edn Turina", "author": "DemoEM", "authorId": "1158", "description": "\u00a0\u00a0Metro: Pinar de Chamart\u00edn (l\u00edneas 1, 4 y l\u00ednea 1 metro ligero)  Bus: 29, 125, 129, 150", "img": "", "longitude": "-3.6666068980576436", "latitude": "40.47948371546377", "begin": "", "ending": "", "category": "ShowsHalls", "subcategories": "Auditoriums/ConcertHalls"}, {"id": "1159", "title": "Florida Park", "author": "DemoEM", "authorId": "1159", "description": "\u00a0\u00a0Metro: Ibiza (l\u00ednea 9)  Bus: 152, 20, 26, 63, C11", "img": "", "longitude": "-3.6801029355530934", "latitude": "40.41808359382662", "begin": "", "ending": "", "category": "ShowsHalls", "subcategories": "Auditoriums/ConcertHalls"}, {"id": "1160", "title": "Independance Club", "author": "DemoEM", "authorId": "1160", "description": "\u00a0\u00a0Metro: Estaci\u00f3n del Arte (l\u00ednea 1)  Bus: 26, 32, 6, 001, 10, 14, 27, 34, 37, 45, C03, E1  Bicimad: Estaci\u00f3n 67 (calle Almad\u00e9n, 28) / Estaci\u00f3n 81 (Plaza Emperador Carlos V, 11) / Estaci\u00f3n 50 (calle Santa Isabel, 57)  Aparcamiento: S\u00e1nchez Bust", "img": "", "longitude": "-3.6928774759221272", "latitude": "40.409630697339814", "begin": "", "ending": "", "category": "ShowsHalls", "subcategories": "Auditoriums/ConcertHalls"}, {"id": "1161", "title": "La Sala Live", "author": "DemoEM", "authorId": "1161", "description": "\u00a0\u00a0Metro: Eugenia de Montijo (l\u00ednea 5)  Bus: 17, 35", "img": "", "longitude": "-3.7474375780696736", "latitude": "40.38348754068021", "begin": "", "ending": "", "category": "ShowsHalls", "subcategories": "Auditoriums/ConcertHalls"}, {"id": "1162", "title": "Pabell\u00f3n Multiusos Madrid Arena (Recinto Ferial Casa de Campo)", "author": "DemoEM", "authorId": "1162", "description": "Recinto de gran espectacularidad, apropiado para desarrollar ferias, actos deportivos, corporativos o espect\u00e1culos. Es un lugar de encuentro para desarrollar grandes eventos. De planta circular y coronado por una imponente c\u00fapula, es extremadam", "img": "", "longitude": "-3.7384704159174076", "latitude": "40.41352730435772", "begin": "", "ending": "", "category": "ShowsHalls", "subcategories": "Auditoriums/ConcertHalls"}, {"id": "1163", "title": "Quiosco de M\u00fasica - Templete Cantaor Jos\u00e9 Menese", "author": "DemoEM", "authorId": "1163", "description": "Su mantenimiento es competencia de la Junta de Distrito de Latina.  Actividades: espect\u00e1culos variados durante los meses de verano.\u00a0\u00a0Metro: Puerta del \u00c1ngel (l\u00ednea 6). Bus: 138, 31, 33, 36, 39, 65, 25.", "img": "", "longitude": "-3.725711256326908", "latitude": "40.412941426753434", "begin": "", "ending": "", "category": "ShowsHalls", "subcategories": "Auditoriums/ConcertHalls"}, {"id": "1164", "title": "Recinto Ferial Vic\u00e1lvaro", "author": "DemoEM", "authorId": "1164", "description": "\u00a0\u00a0Metro: Puerta de Arganda (L\u00ednea 9).  Bus: 100, 106, 159.  Cercan\u00edas RENFE: Vic\u00e1lvaro (L\u00edneas C2 y C7).", "img": "", "longitude": "-3.5967323694208435", "latitude": "40.40612043638959", "begin": "", "ending": "", "category": "ShowsHalls", "subcategories": "Auditoriums/ConcertHalls"}, {"id": "1165", "title": "Sala But", "author": "DemoEM", "authorId": "1165", "description": "\u00a0\u00a0Metro: Tribunal (l\u00edneas 1 y 10), Alonso Mart\u00ednez (l\u00edneas 4, 5 y 10), Bilbao (l\u00edneas 1 y 4)  Bus: 149, 40, 21, 37, C03  Bicimad: Estaci\u00f3n 54 (calle Barcel\u00f3, 7)  Aparcamiento: Barcel\u00f3 (69) calle Barcel\u00f3, sin n\u00famero / Arquitecto Ribera (Barcel\u00f3)", "img": "", "longitude": "-3.699808218271451", "latitude": "40.42690296134917", "begin": "", "ending": "", "category": "ShowsHalls", "subcategories": "Auditoriums/ConcertHalls"}, {"id": "1166", "title": "Sala Caracol", "author": "DemoEM", "authorId": "1166", "description": "\u00a0\u00a0Metro: Palos de la Frontera (l\u00ednea 3), Embajadores (l\u00ednea 3)  Bus: 148, 60, 78, 119, 34, 36, 41, C03  Cercan\u00edas Renfe: Embajadores (l\u00ednea C5)  Bicimad: Estaci\u00f3n 47 (glorieta Embajadores, 6)", "img": "", "longitude": "-3.700054055340394", "latitude": "40.40399146943472", "begin": "", "ending": "", "category": "ShowsHalls", "subcategories": "Auditoriums/ConcertHalls"}, {"id": "1167", "title": "Sala Caravan", "author": "DemoEM", "authorId": "1167", "description": "\u00a0\u00a0Metro: Iglesia (l\u00ednea 1)  Bus: 16, 5, 61  Bicimad: Estaci\u00f3n 125 (calle Fern\u00e1ndez de la Hoz, 29).", "img": "", "longitude": "-3.696810843113834", "latitude": "40.434877495729964", "begin": "", "ending": "", "category": "ShowsHalls", "subcategories": "Auditoriums/ConcertHalls"}, {"id": "1168", "title": "Sala Clamores", "author": "DemoEM", "authorId": "1168", "description": "\u00a0\u00a0Metro: Bilbao (l\u00edneas 1, 4)  Bus: 147, 37, 40, 149  Bicimad: Estaci\u00f3n 124 (calle manuel Silvela, 20)  Aparcamiento: Olavide (52), Plaza de Olavide", "img": "", "longitude": "-3.7009483655353894", "latitude": "40.431121286721805", "begin": "", "ending": "", "category": "ShowsHalls", "subcategories": "Auditoriums/ConcertHalls"}, {"id": "1169", "title": "Sala Contraclub", "author": "DemoEM", "authorId": "1169", "description": "\u00a0\u00a0Metro: La Latina (l\u00ednea 5).  Bus: SE712  Bicimad: Estaci\u00f3n 166 (calle Segovia, 26).", "img": "", "longitude": "-3.7139441766173196", "latitude": "40.41252819937501", "begin": "", "ending": "", "category": "ShowsHalls", "subcategories": "Auditoriums/ConcertHalls"}, {"id": "1170", "title": "Sala Cop\u00e9rnico", "author": "DemoEM", "authorId": "1170", "description": "\u00a0\u00a0Metro: Moncloa (l\u00ednea 3, 6), Islas Filipinas (l\u00ednea 7)  Bus: 16, 61, 2  Bicimad: Estaci\u00f3n 199 (calle Fernando el Cat\u00f3lico, 61)", "img": "", "longitude": "-3.713701064096741", "latitude": "40.43525047036905", "begin": "", "ending": "", "category": "ShowsHalls", "subcategories": "Auditoriums/ConcertHalls"}, {"id": "1171", "title": "Sala El Sol", "author": "DemoEM", "authorId": "1171", "description": "\u00a0\u00a0Metro: Gran V\u00eda (l\u00ednea 1 y 5)  Bus: 001, 1, 2, 3, 46, 74, 002, 146, 51  Bicimad: Estaci\u00f3n 210 (Tres Cruces, 7) / Estaci\u00f3n 56 (plaza del Carmen, 1)  Aparcamiento: Plaza del Carmen (8)", "img": "", "longitude": "-3.7016354977769943", "latitude": "40.41896393620347", "begin": "", "ending": "", "category": "ShowsHalls", "subcategories": "Auditoriums/ConcertHalls"}, {"id": "1172", "title": "Sala Galileo Galilei", "author": "DemoEM", "authorId": "1172", "description": "\u00a0\u00a0Metro: Islas Filipinas (l\u00ednea 7), Canal (l\u00ednea 2, 7)  Bus: 12, 2", "img": "", "longitude": "-3.709844851840886", "latitude": "40.438535474658956", "begin": "", "ending": "", "category": "ShowsHalls", "subcategories": "Auditoriums/ConcertHalls"}, {"id": "1173", "title": "Sala Gruta 77", "author": "DemoEM", "authorId": "1173", "description": "\u00a0\u00a0Metro: Oporto (l\u00edneas 5 y 6)  Bus: 118, 34, 35", "img": "", "longitude": "-3.7314016068733746", "latitude": "40.390941489181294", "begin": "", "ending": "", "category": "ShowsHalls", "subcategories": "Auditoriums/ConcertHalls"}, {"id": "1174", "title": "Sala La Chocita del Loro Gran V\u00eda", "author": "DemoEM", "authorId": "1174", "description": "\u00a0\u00a0Metro: Plaza de Espa\u00f1a (l\u00ednea 3, 10), Santo Domingo (l\u00ednea 2)  Bus: 148, 3, 46, 75, 133, 44, 001, 1, 2, 74, 25, 147, 39  Bicimad: Estaci\u00f3n 16 (calle San Bernardo, 22) / Estaciones 116 a y b (plaza de Espa\u00f1a)  Aparcamiento: Mostenses (50) / Is", "img": "", "longitude": "-3.709478249954353", "latitude": "40.42272689593852", "begin": "", "ending": "", "category": "ShowsHalls", "subcategories": "Auditoriums/ConcertHalls"}, {"id": "1175", "title": "Sala La Chocita del Loro. Avenida del Brasil", "author": "DemoEM", "authorId": "1175", "description": "\u00a0\u00a0Metro: Cuzco (l\u00ednea 10)  Bus: 11, 149", "img": "", "longitude": "-3.693648618521931", "latitude": "40.45708442003698", "begin": "", "ending": "", "category": "ShowsHalls", "subcategories": "Auditoriums/ConcertHalls"}, {"id": "1176", "title": "Sala La Chocita del Loro. Carabanchel", "author": "DemoEM", "authorId": "1176", "description": "\u00a0\u00a0Metro: Carabanchel (l\u00ednea 5)  Bus: 17, 35", "img": "", "longitude": "-3.7436541570839834", "latitude": "40.387620073190725", "begin": "", "ending": "", "category": "ShowsHalls", "subcategories": "Auditoriums/ConcertHalls"}, {"id": "1177", "title": "Sala Moby Dick", "author": "DemoEM", "authorId": "1177", "description": "\u00a0\u00a0Metro: Santiago Bernabeu (l\u00ednea 10)  Bus: 5, 149  Bicimad: Estaci\u00f3n 154 (calle Orense, 36)  Aparcamiento: General Yag&amp,uuml,e (28), Avenida Brasil, 15", "img": "", "longitude": "-3.694056023965524", "latitude": "40.454487186392804", "begin": "", "ending": "", "category": "ShowsHalls", "subcategories": "Auditoriums/ConcertHalls"}, {"id": "1178", "title": "Sala Mon", "author": "DemoEM", "authorId": "1178", "description": "\u00a0\u00a0Metro: Moncloa (L\u00edneas 3 y 6), Islas Filipinas (l\u00ednea 7)  Bus: 16, 61, 1, 132, 138, 44, 62, 82, C1, C2", "img": "", "longitude": "-3.716513924076727", "latitude": "40.435890728108525", "begin": "", "ending": "", "category": "ShowsHalls", "subcategories": "Auditoriums/ConcertHalls"}, {"id": "1179", "title": "Sala Tempo Audiophile Club", "author": "DemoEM", "authorId": "1179", "description": "\u00a0\u00a0Metro: Plaza de Espa\u00f1a (l\u00edneas 3 y 10)  Bus: 001, 1, 133, 138, 2, 44, 62, 74, C1, C2, 39  Bicimad: Estaciones 116 a y b (Plaza de Espa\u00f1a) / Estaci\u00f3n 14 (calle Ventura Rodr\u00edguez, 2)  Aparcamiento: Plaza de Espa\u00f1a (53)", "img": "", "longitude": "-3.711910103061732", "latitude": "40.425297538012565", "begin": "", "ending": "", "category": "ShowsHalls", "subcategories": "Auditoriums/ConcertHalls"}, {"id": "1180", "title": "Tablao Flamenco Caf\u00e9 Ziryab", "author": "DemoEM", "authorId": "1180", "description": "\u00a0\u00a0Metro: Acacias (l\u00ednea 5), Embajadores (l\u00ednea 3), Pir\u00e1mides (l\u00ednea 5).  Bus: 62.  Cercan\u00edas Renfe: Pir\u00e1mides (l\u00edneas C1, C7, C10), Embajadores (l\u00ednea C5).  Bicimad: Estaciones 170 (paseo de la Esperanza, 21) y 163 (paseo de la Esperanza, 2).", "img": "", "longitude": "-3.705138659259797", "latitude": "40.402248850411304", "begin": "", "ending": "", "category": "ShowsHalls", "subcategories": "Auditoriums/ConcertHalls"}, {"id": "1181", "title": "Tablao Flamenco Candela", "author": "DemoEM", "authorId": "1181", "description": "\u00a0\u00a0Metro: Ant\u00f3n Mart\u00edn (l\u00ednea 1).  Bus: M1.  Bicimad: Estaci\u00f3n 41 (calle Atocha, 54) y 43 (calle Lavapi\u00e9s, 34).  Aparcamiento: Garaje Centro (68) calle Relatores, 11.", "img": "", "longitude": "-3.70155764657445", "latitude": "40.411468882602335", "begin": "", "ending": "", "category": "ShowsHalls", "subcategories": "Auditoriums/ConcertHalls"}, {"id": "1182", "title": "Tablao Flamenco Cardamomo", "author": "DemoEM", "authorId": "1182", "description": "\u00a0\u00a0Metro: Sevilla (l\u00ednea 2), Ant\u00f3n Mart\u00edn (l\u00ednea 1), Sol (l\u00edneas 1, 2 y 3).  Bus: 002, M1.  Cercan\u00edas Renfe: Sol (l\u00edneas C3, C4 y Regional).  Bicimad: Estaci\u00f3n 52 (plaza Santa Ana, 10).  Aparcamiento: Plaza de Santa Ana (77).", "img": "", "longitude": "-3.699548238936712", "latitude": "40.415463057589214", "begin": "", "ending": "", "category": "ShowsHalls", "subcategories": "Auditoriums/ConcertHalls"}, {"id": "1183", "title": "Tablao Flamenco Corral de la Morer\u00eda", "author": "DemoEM", "authorId": "1183", "description": "\u00a0\u00a0Metro: La Latina (l\u00ednea 5).  Bus: 31, 50, 65.  Bicimad: Estaci\u00f3n 166 (calle Segovia, 26).", "img": "", "longitude": "-3.7142642886798996", "latitude": "40.412706403145705", "begin": "", "ending": "", "category": "ShowsHalls", "subcategories": "Auditoriums/ConcertHalls"}, {"id": "1184", "title": "Tablao Flamenco Las Carboneras", "author": "DemoEM", "authorId": "1184", "description": "\u00a0\u00a0Metro: \u00d3pera (l\u00edneas 2, 5 y Regional).  Bus: 31, 50, 65.   Bicimad :   Estaciones 9 (plaza de San Miguel, 9) y 35 (plaza del Cord\u00f3n).   Aparcamiento: Plaza Mayor (55).", "img": "", "longitude": "-3.7092201911733795", "latitude": "40.415035593525715", "begin": "", "ending": "", "category": "ShowsHalls", "subcategories": "Auditoriums/ConcertHalls"}, {"id": "1185", "title": "Tablao Flamenco Torres Bermejas", "author": "DemoEM", "authorId": "1185", "description": "\u00a0\u00a0Metro: Callao (l\u00edneas 3 y 5), Gran V\u00eda (l\u00edneas 1 y 5).  Bus: 001, 1, 2, 3, 46, 74, 002.  Cercan\u00edas Renfe: Sol (l\u00edneas C3 y C4).  Bicimad: Estaciones 210 (Tres Cruces, 7), 211 (Desenga\u00f1o, 1), 2 (calle Miguel Moya, 1).  Aparcamiento: El Corte I", "img": "", "longitude": "-3.7041793844860695", "latitude": "40.419885409942566", "begin": "", "ending": "", "category": "ShowsHalls", "subcategories": "Auditoriums/ConcertHalls"}, {"id": "1186", "title": "Teatro Real", "author": "DemoEM", "authorId": "1186", "description": "Proyectado por Antonio L\u00f3pez Aguado en 1818 siguiendo la tipolog\u00eda cl\u00e1sica de teatros del siglo XVIII. Intervienen en su construcci\u00f3n Custodio Moreno e Isidro Gonz\u00e1lez Vel\u00e1zquez. De planta irregular hexagonal, presenta dos fachadas principales:", "img": "", "longitude": "-3.7091902837192046", "latitude": "40.417755675106605", "begin": "", "ending": "", "category": "ShowsHalls", "subcategories": "Auditoriums/ConcertHalls"}, {"id": "1187", "title": "Templete de M\u00fasica - Parque de La Bombilla", "author": "DemoEM", "authorId": "1187", "description": "Su mantenimiento es competencia de la Junta de Distrito de Moncloa - Aravaca.  Actividades: espect\u00e1culos variados durante los meses de verano.\u00a0\u00a0Metro: Pr\u00edncipe P\u00edo (l\u00edneas 6, 10 y Ramal).  Bus: 46, 41, 75.  Cercan\u00edas RENFE: Pr\u00edncipe P\u00edo (l\u00edneas", "img": "", "longitude": "-3.725969994297979", "latitude": "40.426047943114646", "begin": "", "ending": "", "category": "ShowsHalls", "subcategories": "Auditoriums/ConcertHalls"}, {"id": "1188", "title": "WiZink Center", "author": "DemoEM", "authorId": "1188", "description": "\u00a0\u00a0Metro: Goya (l\u00edneas 2, 4), O'Donnell (l\u00ednea 6).  Bus: 30, E4, C1, 26, 61, C2, 43, 53, 146, 21, 215, 63.  Bicimad: Estaciones 100 (calle Goya, 99) y 98 (plaza de Felipe II).  Aparcamiento: Felipe II (26), avenida Felipe II y calle Goya.", "img": "", "longitude": "-3.672104027231158", "latitude": "40.42328354496374", "begin": "", "ending": "", "category": "ShowsHalls", "subcategories": "Auditoriums/ConcertHalls"}]}