{ "default" : [
  { "UserContext" : {"hasId" : "0", "date" : "2021/07/17", "time" : "03:31:18", "status" : "notOnHolidays", "atHome" : "no"}, "Preferences" : [{"typeOf" : "Food", "where" : "Indoor"}], "Observations" : [{"observedBy" : "34", "featureOfInterest" : "me", "observedProperty" : "WeatherStatus", "observationValue" : "Clear", "timeOfMeasurement" : "04:15:45"},{"observedBy" : "34", "featureOfInterest" : "me", "observedProperty" : "WeatherTemperature", "observationValue" : "29", "timeOfMeasurement" : "17:17:06"}]}
,{ "UserContext" : {"hasId" : "1", "date" : "2021/06/26", "time" : "22:31:38", "status" : "onHolidays", "atHome" : "yes"}, "Preferences" : [{"typeOf" : "Education", "where" : "Both"},{"typeOf" : "Shows", "where" : "Both"}], "Observations" : [{"observedBy" : "513", "featureOfInterest" : "me", "observedProperty" : "WeatherStatus", "observationValue" : "Clouds", "timeOfMeasurement" : "04:27:49"},{"observedBy" : "513", "featureOfInterest" : "me", "observedProperty" : "WeatherTemperature", "observationValue" : "23", "timeOfMeasurement" : "12:24:53"}]}
,{ "UserContext" : {"hasId" : "2", "date" : "2021/08/08", "time" : "12:26:41", "status" : "onHolidays", "atHome" : "yes"}, "Preferences" : [{"typeOf" : "Party", "where" : "Indoor"},{"typeOf" : "Shows", "where" : "Both"},{"typeOf" : "Party", "where" : "Indoor"}], "Observations" : [{"observedBy" : "671", "featureOfInterest" : "me", "observedProperty" : "WeatherStatus", "observationValue" : "Clear", "timeOfMeasurement" : "03:29:56"}]}
,{ "UserContext" : {"hasId" : "3", "date" : "2021/08/10", "time" : "11:51:38", "status" : "onHolidays", "atHome" : "yes"}, "Preferences" : [{"typeOf" : "Music", "where" : "Open-Air"},{"typeOf" : "Culture", "where" : "Indoor"}], "Observations" : [{"observedBy" : "85", "featureOfInterest" : "me", "observedProperty" : "WeatherStatus", "observationValue" : "Snow", "timeOfMeasurement" : "18:58:50"},{"observedBy" : "85", "featureOfInterest" : "me", "observedProperty" : "WeatherTemperature", "observationValue" : "4", "timeOfMeasurement" : "12:43:13"}]}
,{ "UserContext" : {"hasId" : "4", "date" : "2020/04/28", "time" : "10:58:24", "status" : "onHolidays", "atHome" : "yes"}, "Preferences" : [{"typeOf" : "Party", "where" : "Indoor"},{"typeOf" : "Shows", "where" : "Indoor"},{"typeOf" : "Culture", "where" : "Open-Air"}], "Observations" : [{"observedBy" : "72", "featureOfInterest" : "me", "observedProperty" : "WeatherStatus", "observationValue" : "Clouds", "timeOfMeasurement" : "11:17:03"},{"observedBy" : "72", "featureOfInterest" : "me", "observedProperty" : "WeatherTemperature", "observationValue" : "33", "timeOfMeasurement" : "11:19:14"}]}
,{ "UserContext" : {"hasId" : "5", "date" : "2021/10/25", "time" : "01:50:09", "status" : "onHolidays", "atHome" : "no"}, "Preferences" : [{"typeOf" : "Shows", "where" : "Indoor"}], "Observations" : [{"observedBy" : "895", "featureOfInterest" : "me", "observedProperty" : "WeatherStatus", "observationValue" : "Thunderstorm", "timeOfMeasurement" : "05:22:52"}]}
,{ "UserContext" : {"hasId" : "6", "date" : "2020/06/08", "time" : "16:52:31", "status" : "onHolidays", "atHome" : "yes"}, "Preferences" : [{"typeOf" : "Food", "where" : "Open-Air"},{"typeOf" : "Education", "where" : "Both"},{"typeOf" : "Party", "where" : "Both"}], "Observations" : [{"observedBy" : "31", "featureOfInterest" : "me", "observedProperty" : "WeatherStatus", "observationValue" : "Snow", "timeOfMeasurement" : "13:02:40"}]}
,{ "UserContext" : {"hasId" : "7", "date" : "2021/07/28", "time" : "16:49:07", "status" : "notOnHolidays", "atHome" : "yes"}, "Preferences" : [{"typeOf" : "Education", "where" : "Indoor"}], "Observations" : [{"observedBy" : "662", "featureOfInterest" : "me", "observedProperty" : "WeatherStatus", "observationValue" : "Atmosphere", "timeOfMeasurement" : "11:34:24"},{"observedBy" : "662", "featureOfInterest" : "me", "observedProperty" : "WeatherTemperature", "observationValue" : "3", "timeOfMeasurement" : "18:27:01"}]}
,{ "UserContext" : {"hasId" : "8", "date" : "2021/09/26", "time" : "23:50:55", "status" : "notOnHolidays", "atHome" : "no"}, "Preferences" : [{"typeOf" : "Shows", "where" : "Indoor"}], "Observations" : [{"observedBy" : "322", "featureOfInterest" : "me", "observedProperty" : "WeatherStatus", "observationValue" : "Clouds", "timeOfMeasurement" : "12:25:16"},{"observedBy" : "322", "featureOfInterest" : "me", "observedProperty" : "WeatherTemperature", "observationValue" : "20", "timeOfMeasurement" : "22:32:42"}]}
,{ "UserContext" : {"hasId" : "9", "date" : "2020/05/29", "time" : "04:48:30", "status" : "onHolidays", "atHome" : "yes"}, "Preferences" : [{"typeOf" : "Education", "where" : "Both"},{"typeOf" : "Sport", "where" : "Open-Air"}], "Observations" : [{"observedBy" : "299", "featureOfInterest" : "me", "observedProperty" : "WeatherStatus", "observationValue" : "Clear", "timeOfMeasurement" : "19:32:39"},{"observedBy" : "299", "featureOfInterest" : "me", "observedProperty" : "WeatherTemperature", "observationValue" : "38", "timeOfMeasurement" : "13:13:32"}]}
,{ "UserContext" : {"hasId" : "10", "date" : "2021/02/13", "time" : "04:01:08", "status" : "onHolidays", "atHome" : "yes"}, "Preferences" : [{"typeOf" : "Shows", "where" : "Both"}], "Observations" : [{"observedBy" : "316", "featureOfInterest" : "me", "observedProperty" : "WeatherStatus", "observationValue" : "Rain", "timeOfMeasurement" : "11:15:40"}]}
,{ "UserContext" : {"hasId" : "11", "date" : "2020/12/25", "time" : "18:51:20", "status" : "onHolidays", "atHome" : "no"}, "Preferences" : [{"typeOf" : "Party", "where" : "Open-Air"},{"typeOf" : "Education", "where" : "Both"},{"typeOf" : "Sport", "where" : "Indoor"}], "Observations" : [{"observedBy" : "273", "featureOfInterest" : "me", "observedProperty" : "WeatherStatus", "observationValue" : "Thunderstorm", "timeOfMeasurement" : "00:15:36"},{"observedBy" : "273", "featureOfInterest" : "me", "observedProperty" : "WeatherTemperature", "observationValue" : "29", "timeOfMeasurement" : "21:39:09"}]}
,{ "UserContext" : {"hasId" : "12", "date" : "2021/03/26", "time" : "04:30:42", "status" : "onHolidays", "atHome" : "yes"}, "Preferences" : [{"typeOf" : "Sport", "where" : "Both"}], "Observations" : [{"observedBy" : "506", "featureOfInterest" : "me", "observedProperty" : "WeatherStatus", "observationValue" : "Clouds", "timeOfMeasurement" : "14:29:49"},{"observedBy" : "506", "featureOfInterest" : "me", "observedProperty" : "WeatherTemperature", "observationValue" : "32", "timeOfMeasurement" : "06:58:31"}]}
,{ "UserContext" : {"hasId" : "13", "date" : "2021/10/14", "time" : "19:39:48", "status" : "onHolidays", "atHome" : "no"}, "Preferences" : [{"typeOf" : "Music", "where" : "Indoor"},{"typeOf" : "Music", "where" : "Both"},{"typeOf" : "Culture", "where" : "Both"}], "Observations" : [{"observedBy" : "901", "featureOfInterest" : "me", "observedProperty" : "WeatherStatus", "observationValue" : "Thunderstorm", "timeOfMeasurement" : "23:15:53"},{"observedBy" : "901", "featureOfInterest" : "me", "observedProperty" : "WeatherTemperature", "observationValue" : "13", "timeOfMeasurement" : "06:54:24"}]}
,{ "UserContext" : {"hasId" : "14", "date" : "2020/01/09", "time" : "02:49:19", "status" : "onHolidays", "atHome" : "yes"}, "Preferences" : [{"typeOf" : "Culture", "where" : "Both"},{"typeOf" : "Music", "where" : "Indoor"},{"typeOf" : "Sport", "where" : "Open-Air"}], "Observations" : [{"observedBy" : "634", "featureOfInterest" : "me", "observedProperty" : "WeatherStatus", "observationValue" : "Clear", "timeOfMeasurement" : "00:32:06"}]}
,{ "UserContext" : {"hasId" : "15", "date" : "2020/12/28", "time" : "04:33:50", "status" : "notOnHolidays", "atHome" : "no"}, "Preferences" : [{"typeOf" : "Music", "where" : "Both"},{"typeOf" : "Party", "where" : "Indoor"}], "Observations" : [{"observedBy" : "26", "featureOfInterest" : "me", "observedProperty" : "WeatherStatus", "observationValue" : "Clear", "timeOfMeasurement" : "17:19:15"},{"observedBy" : "26", "featureOfInterest" : "me", "observedProperty" : "WeatherTemperature", "observationValue" : "25", "timeOfMeasurement" : "19:00:50"}]}
,{ "UserContext" : {"hasId" : "16", "date" : "2021/05/13", "time" : "18:43:21", "status" : "onHolidays", "atHome" : "no"}, "Preferences" : [{"typeOf" : "Party", "where" : "Indoor"},{"typeOf" : "Music", "where" : "Indoor"},{"typeOf" : "Party", "where" : "Open-Air"}], "Observations" : [{"observedBy" : "827", "featureOfInterest" : "me", "observedProperty" : "WeatherStatus", "observationValue" : "Clouds", "timeOfMeasurement" : "10:00:00"}]}
,{ "UserContext" : {"hasId" : "17", "date" : "2021/06/01", "time" : "19:48:14", "status" : "onHolidays", "atHome" : "yes"}, "Preferences" : [{"typeOf" : "Party", "where" : "Both"},{"typeOf" : "Music", "where" : "Indoor"}], "Observations" : [{"observedBy" : "859", "featureOfInterest" : "me", "observedProperty" : "WeatherStatus", "observationValue" : "Atmosphere", "timeOfMeasurement" : "13:50:15"},{"observedBy" : "859", "featureOfInterest" : "me", "observedProperty" : "WeatherTemperature", "observationValue" : "3", "timeOfMeasurement" : "10:28:23"}]}
,{ "UserContext" : {"hasId" : "18", "date" : "2020/11/24", "time" : "06:39:26", "status" : "notOnHolidays", "atHome" : "no"}, "Preferences" : [{"typeOf" : "Sport", "where" : "Both"},{"typeOf" : "Shows", "where" : "Indoor"},{"typeOf" : "Shows", "where" : "Open-Air"}], "Observations" : [{"observedBy" : "837", "featureOfInterest" : "me", "observedProperty" : "WeatherStatus", "observationValue" : "Atmosphere", "timeOfMeasurement" : "18:07:41"},{"observedBy" : "837", "featureOfInterest" : "me", "observedProperty" : "WeatherTemperature", "observationValue" : "23", "timeOfMeasurement" : "13:49:50"}]}
,{ "UserContext" : {"hasId" : "19", "date" : "2020/09/29", "time" : "01:16:37", "status" : "notOnHolidays", "atHome" : "yes"}, "Preferences" : [{"typeOf" : "Food", "where" : "Indoor"},{"typeOf" : "Shows", "where" : "Indoor"},{"typeOf" : "Culture", "where" : "Both"}], "Observations" : [{"observedBy" : "837", "featureOfInterest" : "me", "observedProperty" : "WeatherStatus", "observationValue" : "Snow", "timeOfMeasurement" : "16:33:58"},{"observedBy" : "837", "featureOfInterest" : "me", "observedProperty" : "WeatherTemperature", "observationValue" : "17", "timeOfMeasurement" : "14:29:28"}]}
,{ "UserContext" : {"hasId" : "20", "date" : "2020/11/11", "time" : "22:02:53", "status" : "notOnHolidays", "atHome" : "no"}, "Preferences" : [{"typeOf" : "Education", "where" : "Indoor"},{"typeOf" : "Party", "where" : "Indoor"}], "Observations" : [{"observedBy" : "839", "featureOfInterest" : "me", "observedProperty" : "WeatherStatus", "observationValue" : "Drizzle", "timeOfMeasurement" : "04:08:26"}]}
,{ "UserContext" : {"hasId" : "21", "date" : "2020/08/12", "time" : "00:49:09", "status" : "onHolidays", "atHome" : "yes"}, "Preferences" : [{"typeOf" : "Food", "where" : "Open-Air"},{"typeOf" : "Education", "where" : "Open-Air"}], "Observations" : [{"observedBy" : "80", "featureOfInterest" : "me", "observedProperty" : "WeatherStatus", "observationValue" : "Atmosphere", "timeOfMeasurement" : "02:26:12"}]}
] }