{
  "home" : [
    {
      "id": "1_1",
      "authorId": "1",
      "author": "DemoEM1",
      "title": "SMAP Zaragoza",
      "type": "Education",
      "description": "",
      "img": "https://www.atlantisbahamas.com/media/Things%20To%20Do/Water%20Park/Beaches/Hero/Experiences_Beach.jpg",
      "begin": "2021-09-06T00:00",
      "ending": "2021-09-08T00:00",
      "longitude": -0.876566,
      "latitude": 41.6563497
    },
    {
      "id": "1_2",
      "authorId": "2",
      "author": "DemoEM1",
      "title": "South Korea v. Germany",
      "type": "Sport",
      "description": "Sorry Germany :(",
      "img": "http://e0.365dm.com/18/06/16-9/20/skysports-mesut-ozil-germany_4347232.jpg?20180627172446",
      "begin": "2021-08-05T00:00",
      "ending": "2021-08-05T23:59",
      "longitude": 0,
      "latitude": 0
    },
    {
      "id": "1_3",
      "authorId": "3",
      "author": "DemoEM1",
      "title": "Bayatabo Expo",
      "type": "Culture",
      "description": "En el marco de la XXXVII semana de la cultura mineña, a celebrarse del 20 al 26 de noviembre, el Museo Municipal del territorio propone un amplio programa de actividades.",
      "img": "https://vozbayatabominas.files.wordpress.com/2016/11/culturasub.jpg",
      "begin": "2021-08-05T00:00",
      "ending": "2021-08-18T00:00",
      "longitude": 0,
      "latitude": 0
    },
    {
      "id": "1_4",
      "authorId": "4",
      "author": "DemoEM1",
      "title": "Arenal Sound 2018",
      "type": "Party",
      "description": "Arenal Sound 2018 ft. Crystal Fighters and Steve Aoki",
      "img": "https://indiespot.es/wp-content/uploads/2016/07/Arenal.jpg",
      "begin": "2021-08-02T00:00",
      "ending": "2021-08-09T00:00",
      "longitude": 0,
      "latitude": 0
    },
    {
      "id": "1_5",
      "authorId": "5",
      "author": "DemoEM1",
      "title": "Red Dirt by E.M. Reapy",
      "type": "Culture",
      "description": "Turns the modern Irish immigrant experience into a thought-provoking vibrant novel.",
      "img": "",
      "begin": "2021-12-12T10:00",
      "ending": "2021-12-12T13:00",
      "longitude": 0,
      "latitude": 0
    },
    {
      "id": "1_6",
      "authorId": "6",
      "author": "DemoEM1",
      "title": "Visit Zaragoza",
      "type": "Culture",
      "description": "Zaragoza es la capital de Aragón, una de las comunidades autónomas del noreste de España. En el centro de la ciudad se encuentra la basílica barroca de Nuestra Señora del Pilar, orientada hacia el río Ebro. Es un lugar de peregrinación popular con varias cúpulas y un sagrario dedicado a la Virgen María. La ciudad cuenta con monumentos emblemáticos de estilo mudéjar (donde se fusionan la arquitectura islámica y gótica) como la Aljafería, un palacio árabe del siglo XI, y la catedral del Salvador en su Epifanía, que se empezó a construir en el siglo XII.",
      "img": "http://www.moobit.es/visitaundia/imagenesvisita1dia/aljaferiamuralla.jpg",
      "begin": "2021-10-12T10:00",
      "ending": "2021-10-12T13:00",
      "longitude": -0.8765,
      "latitude": 41.6563
    },
    {
      "id": "1_7",
      "authorId": "7",
      "author": "DemoEM1",
      "title": "Museo Pablo Serrano",
      "type": "Culture",
      "description": "Pues eso, un museo.",
      "img": "",
      "begin": "2021-11-12T10:00",
      "ending": "2021-11-12T13:00",
      "longitude": -0.876566,
      "latitude": 41.6563497
    },
    {
      "id": "1_8",
      "authorId": "8",
      "author": "DemoEM1",
      "title": "Puente de Piedra sobre el Ebro",
      "type": "Culture",
      "description": "Construido en el siglo XV en estilo gótico, el Puente de Piedra es el puente más antiguo que se conserva sobre el río Ebro. Consta de 7 arcos vistos más otro oculto bajo la calle que transcurre a la orilla del río, con una longitud total de 245 metros.",
      "img": "http://zaragozaguia.com/wp-content/uploads/2014/04/puentepiedra.jpg",
      "begin": "2021-11-12T10:00",
      "ending": "2021-11-12T14:00",
      "longitude": -0.876566,
      "latitude": 41.6563497
    },
    {
      "id": "1_9",
      "authorId": "9",
      "author": "DemoEM1",
      "title": "La Seo del Salvador y Museo de Tapices",
      "type": "Culture",
      "description": "Declarada Patrimonio de la Humanidad por la UNESCO, La Seo es la primera catedral cristiana de Zaragoza, construida bajo la advocación de San Salvador. Fue levantada sobre la mezquita principal de la antigua ciudad musulmana, y presenta una amalgama de estilos arquitectónicos, desde el románico hasta el reoclásico, fruto de numerosas ampliaciones y reformas.",
      "img": "https://photo620x400.mnstatic.com/9320c03e97c14d3d30e285b961485271/la-seo.jpg",
      "begin": "2021-11-17T10:00",
      "ending": "2021-11-17T10:00",
      "longitude": -0.876566,
      "latitude": 41.6563497
    }, {
      "id": "1_10",
      "authorId": "10",
      "author": "DemoEM1",
      "title": "Plaza del Pilar",
      "type": "Culture",
      "description": "La Plaza de Nuestra Señora del Pilar o simplemente Plaza del Pilar es uno de los centros populares más concurridos en Zaragoza, España. En ella se encuentra la Catedral-Basílica de Nuestra Señora del Pilar, donde es venerada la advocación mariana homónima. Es conocida con el sobrenombre de «el salón de la ciudad», ya que en ella se realizan numerosas fiestas públicas. También suele llamársele Plaza de las Catedrales, pues aquí se encuentran las dos catedrales de Zaragoza: la Seo y el Pilar. A la plaza se accede por medio de las calles Don Jaime I y Alfonso I.  En esta plaza se encuentran, además de la Basílica del Pilar, edificios como la Lonja, el Ayuntamiento, la Fuente de la Hispanidad, la Catedral del Salvador (La Seo), algunos juzgados y el Monumento a Goya. Se halla también, cerca de la Lonja, el cenotafio del pintor Francisco de Goya.",
      "img": "https://www.heraldo.es/ocio/sites/default/files/tourist_resources/cover/images/plaz_apilar_editada.jpg",
      "begin": "2021-11-12T19:00",
      "ending": "2021-11-12T20:00",
      "longitude": -0.87861,
      "latitude": 41.65639
    }, {
      "id": "1_11",
      "authorId": "11",
      "author": "DemoEM1",
      "title": "ALEXANDER MALOFEEV en Sala Multiusos Zaragoza",
      "type": "Music",
      "description": "Alexander Malofeev was born in Moscow in 2001. He is a student at the Gnessin Middle Special School of Music in Moscow (class of Elena Beryozkina).",
      "img": "https://www.heraldo.es/ocio/sites/default/files/multiusosauditorio.jpg",
      "begin": "2021-09-17T20:00",
      "ending": "2021-09-17T22:00",
      "longitude": -0.876566,
      "latitude": 41.6563497
    }, {
      "id": "1_12",
      "authorId": "12",
      "author": "DemoEM1",
      "title": "Fiestas del Pilar 2018",
      "type": "Party",
      "description": "Las Fiestas del Pilar son las fiestas patronales de Zaragoza que se celebran en honor de la Virgen del Pilar, patrona de la ciudad. Tienen lugar la semana del 12 de octubre en que se celebra la fiesta patronal.",
      "img": "https://www.zaragoza.es/cont/vistas/portal/cultura/fiestas-pilar/img/cabecera-pilares-18.jpg",
      "begin": "2021-10-12T00:00",
      "ending": "2021-10-12T23:59",
      "longitude": -0.876566,
      "latitude": 41.6563497
    }, {
      "id": "1_13",
      "authorId": "13",
      "author": "DemoEM1",
      "title": "El Tubo, ruta de tapas",
      "type": "Food",
      "description": "En el centro de Zaragoza, zona perfecta para ir de tapas y salir de fiesta. Se encuentra entre las calles Mártires, Estébanes y Cuatro de Agosto",
      "img": "https://s3-eu-west-1.amazonaws.com/gr-cms/media/filer_public/46/10/4610c5b3-d119-41a2-a325-01050fb5a07f/raquel-jimenez_reportaje-el-tubo-3.jpg",
      "begin": "2021-10-12T00:00",
      "ending": "2021-10-12T00:00",
      "longitude": -0.876566,
      "latitude": 41.6563497
    }, {
      "id": "1_14",
      "authorId": "14",
      "author": "DemoEM1",
      "title": "Karting indoor Plaza",
      "type": "Leisure time",
      "description": "4.000 m² donde las carreras no solo son emoción y diversión, sino donde poder realizar todo tipo de eventos, tanto de empresa, sociales como lúdicos para poder así, complementar esas reuniones o hacer de ese día algo único e inolvidable.",
      "img": "https://www.algarvefun.com/wp-content/uploads/2017/02/go-karting-portimao-algarve-fun-2.jpg",
      "begin": "2021-09-12T00:00",
      "ending": "2021-109-12T00:00",
      "longitude": -0.877300,
      "latitude": 41.656100
    }, {
      "id": "1_15",
      "authorId": "15",
      "author": "DemoEM1",
      "title": "Parque Grande José Antonio Labordeta",
      "type": "Leisure time",
      "description": "El parque fue diseñado y construido entre los años 1913 y 1927 por iniciativa del concejal Vicente Galbe Sánchez-Plazuelos, y fue inaugurado oficialmente en 1929 por Miguel Primo de Rivera, quien daba nombre al parque, estando entonces situado a las afueras del núcleo urbano de la ciudad zaragozana, que entonces apenas superaba los 160.000 habitantes. Tras el fallecimiento del cantautor y político José Antonio Labordeta en 2010 el ayuntamiento de Zaragoza bautizó este parque con su nombre.",
      "img": "https://es.wikipedia.org/wiki/Parque_Grande_Jos%C3%A9_Antonio_Labordeta#/media/File:Parque_Grande.jpg",
      "begin": "2021-10-01T00:00",
      "ending": "2021-10-12T23:00",
      "longitude": -0.876566,
      "latitude": 41.6563497
    }
  ],
  "historic" : [
    {
      "id": "1_16",
      "authorId": "16",
      "author": "DemoEM1",
      "title": "MadCool Festival",
      "type": "Music",
      "description": "La buena relación entre Mad Cool y NOS Alive, el festival celebrado en Lisboa durante los días 12, 13 y 14 de julio, ha propiciado que un año más, ofrezcamos la posibilidad de disfrutar de los conciertos que tres de nuestros headliners, Pearl Jam, Arctic Monkeys y Queens Of The Stone Age ofrecerán tanto en Madrid como en la ciudad portuguesa.      Esta venta especial de tickets, cuyo precio unitario es de 130 euros (más gastos para los dos días), hace posible que los fans de las tres bandas puedan conseguir entradas para verlos en la cita madrileña y, además, viajen al país vecino para disfrutar de un segundo concierto.  El número de entradas es muy limitado. Tan sólo salen a la venta 100 unidades para disfrutar de cada uno de los grupos. Se podrán conseguir a partir de hoy día 27 de julio a las 12:00 de la mañana a través de la web de Mad Cool Festival. ",
      "img": "https://www.dodmagazine.es/wp-content/uploads/2017/05/mad-cool-2018.jpg",
      "begin": "2018-08-12T00:00",
      "ending": "2018-08-14T00:00",
      "longitude": -3.703790,
      "latitude": 40.416775
    },{
      "id": "1_17",
      "authorId": "17",
      "author": "DemoEM1",
      "title": "Festival Pirineo Sur",
      "type": "Music",
      "description": "El festival tiene lugar en el termino municipal de Sallent de Gállego (Huesca), en el Valle de Tena, situado estratégicamente en el centro del Pirineo Aragonés, pudiéndose acceder al Valle, por España o por Francia, y gran parte del recorrido desde las principales ciudades españolas se realiza por autopistas o autovías.",
      "img": "http://www.huescalamagia.es/blog/wp-content/uploads/2013/05/Auditorio-horiz-©-DPH_Marta-Marco.jpg",
      "begin": "2018-08-13T00:00",
      "ending": "2018-09-01T00:00",
      "longitude": -0.316493,
      "latitude": 42.757898
    }
  ]
}



