{
    "contexts" : [
        {"UserContext":{
            "contextId":"0",
            "date":"26/11/2021",
            "time":"08:00:00"},
        "Observations":[
            {"observedProperty":"Weather",
            "optionalField":"13.12",
            "observationValue":"Rain"},
            {"observedProperty":"Location",
            "optionalField":"AtApartment",
            "observationValue":"0"},
            {"observedProperty":"Location",
            "optionalField":"AtChueca",
            "observationValue":"1100"},
            {"observedProperty":"Location",
            "optionalField":"AtPalacioReal",
            "observationValue":"1200"}
        ]
        },
        {"UserContext":{
            "contextId":"1",
            "date":"26/11/2021",
            "time":"09:00:00"},
        "Observations":[
            {"observedProperty":"Weather",
            "optionalField":"13.12",
            "observationValue":"Rain"},
            {"observedProperty":"Location",
            "optionalField":"AtApartment",
            "observationValue":"0"},
            {"observedProperty":"Location",
            "optionalField":"AtChueca",
            "observationValue":"1100"},
            {"observedProperty":"Location",
            "optionalField":"AtPalacioReal",
            "observationValue":"1200"}
        ]
        },{"UserContext":{
            "contextId":"2",
            "date":"26/11/2021",
            "time":"10:00:00"},
        "Observations":[
            {"observedProperty":"Weather",
            "optionalField":"13.12",
            "observationValue":"Rain"},
            {"observedProperty":"Location",
            "optionalField":"AtApartment",
            "observationValue":"0"},
            {"observedProperty":"Location",
            "optionalField":"AtChueca",
            "observationValue":"1100"},
            {"observedProperty":"Location",
            "optionalField":"AtPalacioReal",
            "observationValue":"1200"}
        ]
        },{"UserContext":{
            "contextId":"3",
            "date":"26/11/2021",
            "time":"10:30:00"},
        "Observations":[
            {"observedProperty":"Weather",
            "optionalField":"15.12",
            "observationValue":"Rain"},
            {"observedProperty":"Location",
            "optionalField":"AtApartment",
            "observationValue":"0"},
            {"observedProperty":"Location",
            "optionalField":"AtChueca",
            "observationValue":"1100"},
            {"observedProperty":"Location",
            "optionalField":"AtPalacioReal",
            "observationValue":"1200"}
        ]
        },{"UserContext":{
            "contextId":"4",
            "date":"26/11/2021",
            "time":"13:05:00"},
        "Observations":[
            {"observedProperty":"Weather",
            "optionalField":"13.12",
            "observationValue":"Clouds"},
            {"observedProperty":"Location",
            "optionalField":"AtApartment",
            "observationValue":"1000"},
            {"observedProperty":"Location",
            "optionalField":"AtChueca",
            "observationValue":"1100"},
            {"observedProperty":"Location",
            "optionalField":"AtPalacioReal",
            "observationValue":"50"}
        ]
        },{"UserContext":{
            "contextId":"5",
            "date":"26/11/2021",
            "time":"15:05:00"},
        "Observations":[
            {"observedProperty":"Weather",
            "optionalField":"13.12",
            "observationValue":"Rain"},
            {"observedProperty":"Location",
            "optionalField":"AtApartment",
            "observationValue":"1000"},
            {"observedProperty":"Location",
            "optionalField":"AtChueca",
            "observationValue":"1100"},
            {"observedProperty":"Location",
            "optionalField":"AtPalacioReal",
            "observationValue":"400"}
        ]
        },{"UserContext":{
            "contextId":"6",
            "date":"26/11/2021",
            "time":"15:45:00"},
        "Observations":[
            {"observedProperty":"Weather",
            "optionalField":"13.12",
            "observationValue":"Rain"},
            {"observedProperty":"Location",
            "optionalField":"AtApartment",
            "observationValue":"1000"},
            {"observedProperty":"Location",
            "optionalField":"AtChueca",
            "observationValue":"1100"},
            {"observedProperty":"Location",
            "optionalField":"AtPalacioReal",
            "observationValue":"400"}
        ]
        },{"UserContext":{
            "contextId":"7",
            "date":"26/11/2021",
            "time":"17:30:00"},
        "Observations":[
            {"observedProperty":"Weather",
            "optionalField":"13.12",
            "observationValue":"Clouds"},
            {"observedProperty":"Location",
            "optionalField":"AtApartment",
            "observationValue":"1000"},
            {"observedProperty":"Location",
            "optionalField":"AtChueca",
            "observationValue":"1100"},
            {"observedProperty":"Location",
            "optionalField":"AtPalacioReal",
            "observationValue":"60"}
        ]
        },{"UserContext":{
            "contextId":"8",
            "date":"26/11/2021",
            "time":"22:30:00"},
        "Observations":[
            {"observedProperty":"Weather",
            "optionalField":"13.12",
            "observationValue":"Clouds"},
            {"observedProperty":"Location",
            "optionalField":"AtApartment",
            "observationValue":"1000"},
            {"observedProperty":"Location",
            "optionalField":"AtChueca",
            "observationValue":"70"},
            {"observedProperty":"Location",
            "optionalField":"AtPalacioReal",
            "observationValue":"1000"}
        ]
        },{"UserContext":{
            "contextId":"9",
            "date":"27/11/2021",
            "time":"09:30:00"},
        "Observations":[
            {"observedProperty":"Weather",
            "optionalField":"19.50",
            "observationValue":"Clear"},
            {"observedProperty":"Location",
            "optionalField":"AtApartment",
            "observationValue":"0"},
            {"observedProperty":"Location",
            "optionalField":"AtChueca",
            "observationValue":"1100"},
            {"observedProperty":"Location",
            "optionalField":"AtPalacioReal",
            "observationValue":"1200"}
        ]
        },
        {"UserContext":{
            "contextId":"10",
            "date":"27/11/2021",
            "time":"10:00:00"},
        "Observations":[
            {"observedProperty":"Weather",
            "optionalField":"19.50",
            "observationValue":"Clear"},
            {"observedProperty":"Location",
            "optionalField":"AtApartment",
            "observationValue":"150"},
            {"observedProperty":"Location",
            "optionalField":"AtChueca",
            "observationValue":"950"},
            {"observedProperty":"Location",
            "optionalField":"AtPalacioReal",
            "observationValue":"1250"}
        ]
        },
        {"UserContext":{
            "contextId":"11",
            "date":"27/11/2021",
            "time":"12:30:00"},
        "Observations":[
            {"observedProperty":"Weather",
            "optionalField":"19.50",
            "observationValue":"Rain"},
            {"observedProperty":"Location",
            "optionalField":"AtApartment",
            "observationValue":"1050"},
            {"observedProperty":"Location",
            "optionalField":"AtChueca",
            "observationValue":"50"},
            {"observedProperty":"Location",
            "optionalField":"AtPalacioReal",
            "observationValue":"1500"}
        ]
        },
        {"UserContext":{
            "contextId":"12",
            "date":"27/11/2021",
            "time":"13:30:00"},
        "Observations":[
            {"observedProperty":"Weather",
            "optionalField":"19.50",
            "observationValue":"Rain"},
            {"observedProperty":"Location",
            "optionalField":"AtApartment",
            "observationValue":"1050"},
            {"observedProperty":"Location",
            "optionalField":"AtChueca",
            "observationValue":"50"},
            {"observedProperty":"Location",
            "optionalField":"AtPalacioReal",
            "observationValue":"1500"}
        ]
        },
        {"UserContext":{
            "contextId":"13",
            "date":"27/11/2021",
            "time":"15:30:00"},
        "Observations":[
            {"observedProperty":"Weather",
            "optionalField":"18.50",
            "observationValue":"Rain"},
            {"observedProperty":"Location",
            "optionalField":"AtApartment",
            "observationValue":"1050"},
            {"observedProperty":"Location",
            "optionalField":"AtChueca",
            "observationValue":"50"},
            {"observedProperty":"Location",
            "optionalField":"AtPalacioReal",
            "observationValue":"1500"}
        ]
        },
        {"UserContext":{
            "contextId":"14",
            "date":"27/11/2021",
            "time":"16:30:00"},
        "Observations":[
            {"observedProperty":"Weather",
            "optionalField":"18.50",
            "observationValue":"Rain"},
            {"observedProperty":"Location",
            "optionalField":"AtApartment",
            "observationValue":"1050"},
            {"observedProperty":"Location",
            "optionalField":"AtChueca",
            "observationValue":"50"},
            {"observedProperty":"Location",
            "optionalField":"AtPalacioReal",
            "observationValue":"1500"}
        ]
        }
    ]
}