[{
    "isVisible": true,
    "allowsModifications": true,
    "id": "1",
    "ownerAccount": "1660563013",
    "isPrimary": false,
    "isSynced": true,
    "allowedReminders": ["default", "alert"],
    "allowedAvailabilities": ["busy", "free"],
    "title": "calendar_displayname_xiaomi",
    "name": "Xiaomi Calendar",
    "accessLevel": "owner",
    "color": "#FF8800",
    "source": {
        "isLocalAccount": false,
        "type": "com.xiaomi",
        "name": "1660563013"
    },
    "timeZone": null,
    "allowedAttendeeTypes": ["none", "required", "optional"]
}, {
    "isVisible": true,
    "allowsModifications": false,
    "id": "2",
    "ownerAccount": "owner_account_local",
    "isPrimary": false,
    "isSynced": true,
    "allowedReminders": ["default", "alert"],
    "allowedAvailabilities": ["busy", "free"],
    "title": "calendar_displayname_birthday",
    "name": null,
    "accessLevel": "respond",
    "color": "#0099CC",
    "source": {
        "isLocalAccount": true,
        "type": "LOCAL",
        "name": "account_name_local"
    },
    "timeZone": null,
    "allowedAttendeeTypes": ["none", "required", "optional"]
}, {
    "isVisible": true,
    "allowsModifications": true,
    "id": "3",
    "ownerAccount": "manherrerog@gmail.com",
    "isPrimary": false,
    "isSynced": true,
    "allowedReminders": ["default", "alert", "email"],
    "allowedAvailabilities": ["busy", "free"],
    "title": "manherrerog@gmail.com",
    "name": "manherrerog@gmail.com",
    "accessLevel": "owner",
    "color": "#9FE1E7",
    "source": {
        "isLocalAccount": false,
        "type": "com.google",
        "name": "manherrerog@gmail.com"
    },
    "timeZone": "Europe/Madrid",
    "allowedAttendeeTypes": ["none", "required", "optional"]
}, {
    "isVisible": true,
    "allowsModifications": false,
    "id": "4",
    "ownerAccount": "#contacts@group.v.calendar.google.com",
    "isPrimary": false,
    "isSynced": true,
    "allowedReminders": ["default", "alert", "email"],
    "allowedAvailabilities": ["busy", "free"],
    "title": "Contacts",
    "name": "Contacts",
    "accessLevel": "read",
    "color": "#92E1C0",
    "source": {
        "isLocalAccount": false,
        "type": "com.google",
        "name": "manherrerog@gmail.com"
    },
    "timeZone": "Europe/Madrid",
    "allowedAttendeeTypes": ["none", "required", "optional"]
}, {
    "isVisible": true,
    "allowsModifications": false,
    "id": "5",
    "ownerAccount": "en.spain#holiday@group.v.calendar.google.com",
    "isPrimary": false,
    "isSynced": true,
    "allowedReminders": ["default", "alert", "email"],
    "allowedAvailabilities": ["busy", "free"],
    "title": "Holidays in Spain",
    "name": "Holidays in Spain",
    "accessLevel": "read",
    "color": "#42D692",
    "source": {
        "isLocalAccount": false,
        "type": "com.google",
        "name": "manherrerog@gmail.com"
    },
    "timeZone": "Europe/Madrid",
    "allowedAttendeeTypes": ["none", "required", "optional"]
}, {
    "isVisible": true,
    "allowsModifications": false,
    "id": "6",
    "ownerAccount": "es.spain#holiday@group.v.calendar.google.com",
    "isPrimary": false,
    "isSynced": true,
    "allowedReminders": ["default", "alert", "email"],
    "allowedAvailabilities": ["busy", "free"],
    "title": "Festivos en España",
    "name": "Festivos en España",
    "accessLevel": "read",
    "color": "#16A765",
    "source": {
        "isLocalAccount": false,
        "type": "com.google",
        "name": "manherrerog@gmail.com"
    },
    "timeZone": "Europe/Madrid",
    "allowedAttendeeTypes": ["none", "required", "optional"]
}, {
    "isVisible": true,
    "allowsModifications": false,
    "id": "7",
    "ownerAccount": "#contacts@group.v.calendar.google.com",
    "isPrimary": false,
    "isSynced": true,
    "allowedReminders": ["default", "alert", "email"],
    "allowedAvailabilities": ["busy", "free"],
    "title": "Contacts",
    "name": "Contacts",
    "accessLevel": "read",
    "color": "#9A9CFF",
    "source": {
        "isLocalAccount": false,
        "type": "com.google",
        "name": "manuel.herrero@iecisa.com"
    },
    "timeZone": "Europe/Madrid",
    "allowedAttendeeTypes": ["none", "required", "optional"]
}, {
    "isVisible": true,
    "allowsModifications": false,
    "id": "8",
    "ownerAccount": "en.spain#holiday@group.v.calendar.google.com",
    "isPrimary": false,
    "isSynced": true,
    "allowedReminders": ["default", "alert", "email"],
    "allowedAvailabilities": ["busy", "free"],
    "title": "Holidays in Spain",
    "name": "Holidays in Spain",
    "accessLevel": "read",
    "color": "#9A9CFF",
    "source": {
        "isLocalAccount": false,
        "type": "com.google",
        "name": "manuel.herrero@iecisa.com"
    },
    "timeZone": "Europe/Madrid",
    "allowedAttendeeTypes": ["none", "required", "optional"]
}, {
    "isVisible": true,
    "allowsModifications": true,
    "id": "9",
    "ownerAccount": "manuel.herrero@iecisa.com",
    "isPrimary": false,
    "isSynced": true,
    "allowedReminders": ["default", "alert", "email"],
    "allowedAvailabilities": ["busy", "free"],
    "title": "manuel.herrero@iecisa.com",
    "name": "manuel.herrero@iecisa.com",
    "accessLevel": "owner",
    "color": "#9FE1E7",
    "source": {
        "isLocalAccount": false,
        "type": "com.google",
        "name": "manuel.herrero@iecisa.com"
    },
    "timeZone": "Europe/Madrid",
    "allowedAttendeeTypes": ["none", "required", "optional"]
}, {
    "isVisible": true,
    "allowsModifications": false,
    "id": "10",
    "ownerAccount": "es.spain#holiday@group.v.calendar.google.com",
    "isPrimary": false,
    "isSynced": true,
    "allowedReminders": ["default", "alert", "email"],
    "allowedAvailabilities": ["busy", "free"],
    "title": "Festivos en España",
    "name": "Festivos en España",
    "accessLevel": "read",
    "color": "#16A765",
    "source": {
        "isLocalAccount": false,
        "type": "com.google",
        "name": "manuel.herrero@iecisa.com"
    },
    "timeZone": "Europe/Madrid",
    "allowedAttendeeTypes": ["none", "required", "optional"]
}]