{
    "instanceId": "515",
    "originalId": null,
    "guestsCanInviteOthers": true,
    "guestsCanModify": false,
    "accessLevel": "default",
    "endTimeZone": null,
    "organizerEmail": "manherrerog@gmail.com",
    "id": "510",
    "calendarId": "3",
    "endDate": "2018-05-13T17:30:00.000Z",
    "guestsCanSeeGuests": true,
    "title": "Test event on",
    "timeZone": "Europe/Madrid",
    "notes": "",
    "alarms": [{
        "method": "alert",
        "relativeOffset": -30
    }],
    "startDate": "2018-05-13T16:30:00.000Z",
    "allDay": false,
    "location": "Calle de Luis Vives, Zaragoza, Spain",
    "availability": "busy"
}