{
    "user": {
        "id": "012...9",
        "expoToken": "",
        "birthday": "1995-04-26",
        "location": {
            "lat" : 41.6488226,
            "lng" : -0.8890853
        }
    },
    "currentDate": {
        "date": "2018-05-13",
        "time": "17:30:00.000"
    },
    "location": {
        "lat" : 42.1282269,
        "lng" : -87.7108162
    },
    "wheather": {
        "main": {
            "temp": 297.15,
            "pressure": 1016,
            "humidity": 57,
            "temp_min": 297.15,
            "temp_max": 297.15
        },
        "wind": {
            "speed": 8.7,
            "deg": 310
        },
        "clouds": {
            "all": 0
        }
    },
    "calendar": {
        "calendarName": "Calendar",
        "title": "Title",
        "startDate": {
            "date": "2018-05-13",
            "time": "17:30:00.000"
        },
        "endDate": {
            "date": "2018-05-13",
            "time": "17:30:00.000"
        },
        "allDay": false,
        "location": {
            "lat" : 41.6488226,
            "lng" : -0.8890853
        }
    }
}