{
    "coord": {
        "lon": -0.89,
        "lat": 41.64
    },
    "weather": [{
        "id": 800,
        "main": "Clear",
        "description": "clear sky",
        "icon": "01d"
    }],
    "base": "stations",
    "main": {
        "temp": 297.15,
        "pressure": 1016,
        "humidity": 57,
        "temp_min": 297.15,
        "temp_max": 297.15
    },
    "visibility": 10000,
    "wind": {
        "speed": 8.7,
        "deg": 310
    },
    "clouds": {
        "all": 0
    },
    "dt": 1524673800,
    "sys": {
        "type": 1,
        "id": 5510,
        "message": 0.5966,
        "country": "ES",
        "sunrise": 1524632870,
        "sunset": 1524682542
    },
    "id": 6362983,
    "name": "Zaragoza",
    "cod": 200
}